Название,Тех. название,Уровень,Класс,Нация,Статус,Интерес,Описание 1,Описание 2,Описание 3,,,,,,,Тех названия (полный список техники из клиента)
Badger,gb92_fv217.png,𝟏𝟎,ПТ,Британия,,,,,,,,,,,,a01_t1_cunningham.png
Concept 5,gb120_concept_no_5.png,𝟏𝟎,СТ,Британия,,,,,,,,,,,,a02_m2_lt.png
Condor,gb134_fv242b_condor.png,𝟏𝟎,ТТ,Британия,,,,,,,,,,,,a03_m3_stuart.png
FV4005,gb83_fv4005.png,𝟏𝟎,ПТ,Британия,,,,,,,,,,,,a04_m3_grant.png
FV215b 183,gb48_fv215b_183.png,𝟏𝟎,ПТ,Британия,,,,,,,,,,,,a05_m4_sherman.png
S. Conqueror,gb91_super_conqueror.png,𝟏𝟎,ТТ,Британия,,,,,,,,,,,,a06_m4a3e8_sherman.png
Manticore,gb100_manticore.png,𝟏𝟎,ЛТ,Британия,,,,,,,,,,,,a07_t20.png
ConquerorGC,gb31_conqueror_gun.png,𝟏𝟎,САУ,Британия,,,,,,,,,,,,a09_t1_hvy.png
Centurion AX,gb86_centurion_action_x.png,𝟏𝟎,СТ,Британия,,,,,,,,,,,,a1001_otac_mt_58_t.png
E 100,g56_e_100.png,𝟏𝟎,ТТ,Германия,,,,,,,,,,,,a100_t49.png
Grille 15,g121_grille_15_l63.png,𝟏𝟎,ПТ,Германия,,,,,,,,,,,,a101_m56.png
Jg.Pz. E 100,g72_jagdpz_e100.png,𝟏𝟎,ПТ,Германия,,,,,,,,,,,,a102_t28_concept.png
Leopard 1,g89_leopard1.png,𝟏𝟎,СТ,Германия,,,,,,,,,,,,a103_t71e1.png
Pz.Kpfw. VII,g134_pzkpfw_vii.png,𝟏𝟎,ТТ,Германия,,,,,,,,,,,,a104_m4a3e8a.png
Rhm. Pzw.,g125_spz_57_rh.png,𝟏𝟎,ЛТ,Германия,,,,,,,,,,,,a106_m48a2_120.png
E 50 M,g73_e50_ausf_m.png,𝟏𝟎,СТ,Германия,,,,,,,,,,,,a107_t1_hmc.png
Maus,g42_maus.png,𝟏𝟎,ТТ,Германия,,,,,,,,,,,,a108_t18_hmc.png
G.W. E 100,g61_g_e.png,𝟏𝟎,САУ,Германия,,,,,,,,,,,,a109_t56_gmc.png
Minotauro,it23_cc_3.png,𝟏𝟎,ПТ,Италия,,,,,,,,,,,,a10_m6.png
Rinoceronte,it15_rinoceronte.png,𝟏𝟎,ТТ,Италия,,,,,,,,,,,,a111_t25_pilot.png
Progetto 65,it08_progetto_m40_mod_65.png,𝟏𝟎,СТ,Италия,,,,,,,,,,,,a112_t71e2.png
BZ-75,ch48_bz_75.png,𝟏𝟎,ТТ,Китай,,,,,,,,,,,,a112_t71e2r.png
GPT-75,ch73_gpt_75.png,𝟏𝟎,ТТ,Китай,,,,,,,,,,,,a115_chrysler_k.png
WZ-111 5A,ch41_wz_111_5a.png,𝟏𝟎,ТТ,Китай,,,,,,,,,,,,a115_chrysler_k_gf.png
WZ-113G FT,ch38_wz113g_ft.png,𝟏𝟎,ПТ,Китай,,,,,,,,,,,,a116_xm551.png
WZ-132-1,ch28_wz_132a.png,𝟏𝟎,ЛТ,Китай,,,,,,,,,,,,a117_t26e5.png
121,ch19_121.png,𝟏𝟎,СТ,Китай,,,,,,,,,,,,a117_t26e5_fl.png
60TP,pl15_60tp_lewandowskiego.png,𝟏𝟎,ТТ,Польша,,,,,,,,,,,,a117_t26e5_patriot.png
CS-63,pl21_cs_63.png,𝟏𝟎,СТ,Польша,,,,,,,,,,,,a118_m4_thunderbolt.png
Żubr,pl30_sdp_wz58t.png,𝟏𝟎,ПТ,Польша,,,,,,,,,,,,a118_m4_thunderbolt_CN.png
Merkava LP,un02_merkava_lp.png,𝟏𝟎,СТ,Сборная нация,,,,,,,,,,,,a11_t29.png
T-54D,un14_t54d.png,𝟏𝟎,СТ,Сборная нация,,,,,,,,,,,,a120_m48a5.png
ИС-4,r90_is_4m.png,𝟏𝟎,ТТ,СССР,,,,,,,,,,,,a120_m48a5_7x7.png
ИС-7,r45_is_7.png,𝟏𝟎,ТТ,СССР,,,,,,,,,,,,a121_m26_cologne.png
Об. 140,r97_object_140.png,𝟏𝟎,СТ,СССР,,,,,,,,,,,,a122_ts_5.png
Об. 261,r52_object_261.png,𝟏𝟎,САУ,СССР,,,,,,,,,,,,a123_t78.png
Об. 268,r88_object268.png,𝟏𝟎,ПТ,СССР,,,,,,,,,,,,a124_t54e2.png
Об. 268/4,r149_object_268_4.png,𝟏𝟎,ПТ,СССР,,,,,,,,,,,,a125_aep_1.png
Об. 277,r155_object_277.png,𝟏𝟎,ТТ,СССР,,,,,,,,,,,,a125_aep_1_t.png
Об. 430У,r148_object_430_u.png,𝟏𝟎,СТ,СССР,,,,,,,,,,,,a126_pzvi_tiger_ii_capt.png
Об. 705А,r145_object_705_a.png,𝟏𝟎,ТТ,СССР,,,,,,,,,,,,a127_tl_1_lpc.png
СТ-II,r169_st_ii.png,𝟏𝟎,ТТ,СССР,,,,,,,,,,,,a128_concept_1b.png
Т-62А,r87_t62a.png,𝟏𝟎,СТ,СССР,,,,,,,,,,,,a129_t6_medium.png
Т-100 ЛТ,r158_lt_432.png,𝟏𝟎,ЛТ,СССР,,,,,,,,,,,,a12_t32.png
К-91,r144_k_91.png,𝟏𝟎,СТ,СССР,,,,,,,,,,,,a12_t32_fl.png
Firebird,a175_otac_mt_58_02.png,𝟏𝟎,СТ,США,,,,,,,,,,,,a12_t32_m.png
M-V-Y,a143_m_v_y.png,𝟏𝟎,ТТ,США,,,,,,,,,,,,a130_super_hellcat.png
M48 Patton,a84_m48a1.png,𝟏𝟎,СТ,США,,,,,,,,,,,,a132_t77.png
T110E4,a83_t110e4.png,𝟏𝟎,ПТ,США,,,,,,,,,,,,a134_m24e2_superchaffee.png
T110E5,a69_t110e5.png,𝟏𝟎,ТТ,США,,,,,,,,,,,,a136_t42.png
T57 Heavy,a67_t57_58.png,𝟏𝟎,ТТ,США,,,,,,,,,,,,a139_m_iii_y.png
Sheridan,a116_xm551.png,𝟏𝟎,ЛТ,США,,,,,,,,,,,,a13_t34_hvy.png
T110E3,a85_t110e3.png,𝟏𝟎,ПТ,США,,,,,,,,,,,,a13_t34_hvy_bf.png
T92 HMC,a38_t92.png,𝟏𝟎,САУ,США,,,,,,,,,,,,a13_t34_hvy_fl.png
AMX 30 B,f72_amx_30.png,𝟏𝟎,СТ,Франция,,,,,,,,,,,,a140_astron_rex_105mm.png
AMX 50 B,f10_amx_50b.png,𝟏𝟎,ТТ,Франция,,,,,,,,,,,,a141_m_iv_y.png
AMX M4 54,f82_amx_m4_mle1949_ter.png,𝟏𝟎,ТТ,Франция,,,,,,,,,,,,a141_m_iv_y_mt_bf.png
B-C 25 t,f18_bat_chatillon25t.png,𝟏𝟎,СТ,Франция,,,,,,,,,,,,a142_pawlack_tank.png
EBR 105,f108_panhard_ebr_105.png,𝟏𝟎,ЛТ,Франция,,,,,,,,,,,,a143_m_v_y.png
Foch B,f64_amx_50fosh_b.png,𝟏𝟎,ПТ,Франция,,,,,,,,,,,,a143_m_v_y_7x7.png
AMX 13 105,f88_amx_13_105.png,𝟏𝟎,ЛТ,Франция,,,,,,,,,,,,a144_m_vi_y.png
B-C 155 58,f38_bat_chatillon155_58.png,𝟏𝟎,САУ,Франция,,,,,,,,,,,,a145_ts_54.png
Vz. 55,cz17_vz_55.png,𝟏𝟎,ТТ,Чехословакия,,,,,,,,,,,,a146_tl_7_120.png
TVP T 50/51,cz04_t50_51.png,𝟏𝟎,СТ,Чехословакия,,,,,,,,,,,,a147_m_ii_y.png
Kranvagn,s16_kranvagn.png,𝟏𝟎,ТТ,Швеция,,,,,,,,,,,,a148_convertible_medium_tank_t3.png
UDES 15/16,s28_udes_15_16.png,𝟏𝟎,СТ,Швеция,,,,,,,,,,,,a149_ambt.png
Strv 103B,s11_strv_103b.png,𝟏𝟎,ПТ,Швеция,,,,,,,,,,,,a14_t30.png
Ho-Ri 3,j35_ho_ri_3.png,𝟏𝟎,ПТ,Япония,,,,,,,,,,,,a14_t30_fl.png
STB-1,j16_st_b1.png,𝟏𝟎,СТ,Япония,,,,,,,,,,,,a150_mbt_b.png
Type 5 H,j20_type_2605.png,𝟏𝟎,ТТ,Япония,,,,,,,,,,,,a150_mbt_b_t.png
Type 71,j40_type_71.png,𝟏𝟎,ТТ,Япония,,,,,,,,,,,,a151_ts_60.png
,,,,,,,,,,,,,,,,a152_m_project_2.png
BZ-176,ch47_bz_176.png,8,ТТ,Китай,Прем,110,"входит в топ 3 самых редких и желанных имб игры. Уже с момента появления разработчики быстро поняли, что танк вышел вне баланса, поэтому с тех пор он не появлялся в свободной продаже. Благодаря ракетным ускарителям и крепкой броне, а также хорошим углам склонения, машина раньше остальных занимает ключевые точки и крайне сильна в позициоке. Но по-настоящему главный козырь, это его орудие — сумасшедший бревномёт с фугасными снарядами на неадекватные 800 !!! урона. С учётом последних изменений баланса (бои практически всегда проходят в формате ±1 уровень), BZ-176 стал ещё жёстче, чем раньше.",,,,,,,,,a153_xm66f.png
Bourrasque,f116_bat_chatillon_bourrasque.png,8,СТ,Франция,Прем,109,"входит в топ 3 самых редких и желанных имб игры. Уже с момента появления разработчики быстро поняли, что танк вышел вне баланса, поэтому с тех пор он практически не появлялся в продаже. Благодаря сумасшедшей динамике и очень низкому силуэту, может эффективно отыгрывать как роль среднего танка, так и ЛТ. Но его главный козырь — мощный скоростной барабан на 2 снаряда и 720 суммарного урона, который превращает его в одного из самых опасных дамагеров на своём уровне. С учётом последних изменений баланса (бои практически всегда проходят в формате ±1 уровень), Bourrasque стал ещё жёстче, чем раньше. ",,,,,,,,,a154_convertible_medium_tank_t3e2.png
Škoda T 56,cz14_skoda_t-56.png,8,ТТ,Чехословакия,Прем,108,"входит в топ 3 самых редких и желанных имб игры. Уже с момента появления разработчики быстро поняли, что танк вышел вне баланса, поэтому с тех пор он практически не появлялся в продаже. Благодаря крепкой башне и комфортным углам склонения машина очень сильна в позиционке. Но её главный козырь — мощный скоростной барабан на 2 снаряда и 920 !!! суммарного урона, который превращает его в одного из самых опасных дамагеров на своём уровне. С учётом последних изменений баланса (бои практически всегда проходят в формате ±1 уровень), Škoda T 56 стала ещё жёстче, чем раньше.",,,,,,,,,a156_t54_2022.png
EBR 75 FL 10,f106_panhard_ebr_75_mle1954.png,8,ЛТ,Франция,Прем,107,,,,,,,,,,a157_m_vii_y.png
Turtle I,gb99_turtle_mk1.png,8,ПТ,Британия,Прем,106,"одна из самых токсичных имб игры! В одном из патчей разработчики перестарались с апом характеристик и машина начала люто нагибать, после этого танк в срочном порядке был выведен из свободной продажи и больше никогда не продавался. На борту мощное орудие с отличным пробитием и сумасшедшей перезарядкой для такого урона, а крайне комфортные углы склонения (-10°) и крепкая рубка, дают преимущество при игре от рельефа и позволяют безопасно и уверенно продавливать направления.",,,,,,,,,a160_m24_594.png
Марс,it13_progetto_m35_mod_46_le.png,8,СТ,Италия,Прем,105,"редчайшая итальянская имба с потрясающей динамикой, стабилизацией орудия и магазином с механикой дозарядки ( нет необходимости дожидаться полной зарядки барабана, чтобы совершить выстрел ). Танк имеет уникальнейший 3D стиль и никогда свободно не продавался, получить его можно было только в рамках внутриигровых ивентов",,,,,,,,,a161_armt.png
Дуплет,r228_duplet.png,9,СТ,СССР,Прем,104,"новая имба из новогодних коробок 2026, один из сильнейших премов 9 уровня в игре! Вместе с потрясающей динамикой и необычайно комфортными для ""совета"" углами склонения (-8°), танк оснащён хорошей стабилизацией и механикой спаренных орудий — можно стрелять как поочередно в стиле барабанного танка, так и выдать мощный залп дуплетом с двух дубин одновременно!",,,,,,,,,a162_atac_ii.png
К-91-122,r173_k_91_2_122.png,9,СТ,СССР,Прем,103,"НАША 💪 СОВЕТСКАЯ ИМБА, отсутствует в свободной продаже, ЛУЧШИЙ прем танк 9 уровня в игре на данный момент, обладает высоким разовым уроном, быстрой перезарядкой, отличным пробитием (что идеально для фарма серебра, тк не нужно заряжать ""голду""), и неимоверной динамикой, очень сильный универсальный аппарат",,,,,,,,,a163_h_3.png
Prototipo 6,it32_prototipo_6.png,9,СТ,Италия,Прем,102,"новая итальянская имба из НГ коробок 2025. Один из лучших премов 9 уровня в игре на данный момент. Танк имеет крутейшую динамику и главную фишку - барабан на 5 снарядов с механикой дозарядки, с МОЛНИЕНОСНЫМ кд между выстрелами в 1.5 секунды, буквально пулемёт ! Очень уникальный, эмоциональный и по-своему новый геймплей, из-за чего данная машина так полюбилась всем, кому посчастливилось её ""выбить""",,,,,,,,,a163_h_3_2.png
Находка-4,g171_e77_02.png,9,ТТ,Германия,Прем,101,"редчайшая немецкая имба в уникальном стиле с отличной для тяжа динамикой, комфортной пушкой и огромным уроном с выстрела в целых 530 с хорошим пробитием!!! Это позволяет комфортно фармить серебро и не бояться идти в размен. Ну и вишенка на торте — возможность фармить боны на всей Прем технике 9 уровня!",,,,,,,,,a164_ts_6.png
E-77,g171_e77.png,9,ТТ,Германия,Прем,100,"редчайшая немецкая имба с отличной для тяжа динамикой, комфортной пушкой и огромным уроном с выстрела в целых 530 с хорошим пробитием!!! Это позволяет комфортно фармить серебро и не бояться идти в размен. Ну и вишенка на торте — возможность фармить боны на всей Прем технике 9 уровня!",,,,,,,,,a165_xm57.png
Рудный барон,gb110_fv4201_chieftain_prototype_b.png,9,ТТ,Британия,Прем,99,"редкая имба в уникальном 3D стиле! После мощного апа в одном из последних патчей, один из сильнейших премов 9 лвл! Крайне токсичен в позиционной игре благодаря идеальным углам склонения орудия (-10°), миниатюрному лючку и точной пушке с высоким уроном. Ещё одна немаловажная особенность данного танка — возможность фармить боны!","редкий тяж в уникальном 3D стиле. Один из сильнейших премов 9 лвл - в последнем патче его серьёзно апнули! Шикарные углы склонения орудия, маленький командирский лючок и ощутимый урон, делают его по-настоящему токсичным в позиционной игре. Ещё одна немаловажная особенность — возможность фармить боны на всех премах 9 ур!",,,,,,,,a169_tf_3.png
Strv K,s31_strv_k.png,9,ТТ,Швеция,Прем,98,"отличные углы склонения орудия, крепкая башня, существенный урон с выстрела и потрясающая точность! Очень сильная машина в позиционной игре от рельефа! Ну и вишенка на торте - возможность фармить боны на всей Прем технике 9 уровня!",,,,,,,,,a169_tf_3_t.png
Chieftain P.,gb110_fv4201_chieftain_prototype.png,9,ТТ,Британия,Прем,97,"после мощного апа характеристик в последнем патче, это один из лучших прем танков 9 уровня в игре! Машина может похвастаться потрясающей стабилизацией, идеальными углами склонения орудия (-10°), внушительным уроном и крепкой башней. Всё это позволяет прочно занимать позиции при игре от рельефа, скрывая бОльшую часть корпуса, а британская точность позволяет комфортно отрабатывать по целям на средних и даже дальних дистанциях. Идеально подходит новичкам и игрокам среднего уровня, так как не требует высоких навыков для его реализации. Ну и вишенка на торте - возможность фармить боны на всей Прем технике 9 уровня!",,,,,,,,,a16_m7_priest.png
T54 Heavy,a156_t54_2022.png,9,ТТ,США,Прем,96,"крутейший тяж с крепкой башей и сумасшедшими углами склонения орудия в (-12°), это буквально имбалансный показатель при игре от рельефа! На борту дубина с неслабым уроном в 450 единиц! Ну и вишенка на торте — возможность фармить боны!",,,,,,,,,a170_m4a3fl.png
Char Mle. 75,f118_char_mle_75.png,9,ЛТ,Франция,Прем,95,"первый и единственный прем ЛТ 9 с газотурбинным двигателем, позволяющим разгоняться до 75 км/ч при активации режима. Но главная фишка даже не скорость, а его КАССЕТНЫЙ БАРАБАН! За один выстрел вы выдаёте сразу 3 снаряда с интервалом 0,4 сек, нанося 600 урона за 1,2 сек. Таких кассет у вас 2 — 1200 урона. По стилю игры это идеальный разведчик-дамагер: активируете турбо-режим, чтобы молниеносно занять агрессивную позицию или залететь в борт/корму, возвращаетесь в обычный для улучшения точности и стабилизации, и быстро раздаёте 2 очереди. Но и это ещё не всё! 3 снаряда за выстрел — это в 3 раза больше шансов поджечь или взорвать бк, что не редкость для этого танка. Да, у машины есть свои капризы (низкий обзор и скрытность для ЛТ), но это с лихвой окупается эмоциями от кассетных снарядов, полыхающими кабинами и возможностью фармить БОНЫ!",,,,,,,,,a171_tf_4.png
Т-54Б,r223_t_54b_1958.png,9,СТ,СССР,Прем,94,"наша легендарная «54-ка», доработанная до идеала и ставшая премом. Сочетает всё лучшее от своего знаменитого старшего брата: отличная маневренность и точное орудие с хорошей стабилизацией. Крепкая литая башня (целых 260 мм) позволяет уверенно играть от рельефа, несмотря на скромные УВН и стабильно перестреливать одноклассников. Ну и вишенка на торте — как и вся прем-техника 9 уровня, Т-54Б фармит боны!",,,,,,,,,a172_astron_fl.png
BZ-58-2,ch59_bz58_2.png,9,ТТ,Китай,Прем,93,,,,,,,,,,a172_astron_fl_t.png
TL-7,a146_tl_7_120.png,9,ПТ,США,Прем,92,"самоходка с ВРАЩАЮЩЕЙСЯ БАШНЕЙ и БАРАБАНОМ на 4 снаряда! Удобные углы склонения орудия (-10°) позволяют не подставляться при игре от рельефа. По стилю больше напоминает средний танк, чем классическую ПТ, но со своей спецификой: со стрельбой на ходу есть сложности, как и у большинства ПТ. И ещё один жирный плюс — как и все премы 9 уровня, TL-7 фармит боны!","особенности данной машины делают её супер универсальной и позволяют отыгрывать не только роль ПТ, но и среднего танка поддержки, когда того требует ситуация. Всё благодаря наличию башни полного вращения вместо неподвижной рубки, как у классических самоходок и барабана на 4 снаряда! Помимо уникального геймплея Прем техника 9 уровня имеет приятный бонус - возможность фармить боны!","особенности этой машины позволяют отыгрывать не только роль ПТ, но и среднего танка поддержки. Всё благодаря башне полного вращения вместо неподвижной рубки, как у классических самоходок, и точному барабану на 4 снаряда! В сочетании с компактными габаритами и превосходными углами склонения (-10°) можно уверенно и безопасно стрелять из-за рельефов местности. Ещё один жирный плюс — как и все премы 9 уровня, TL-7 фармит боны!",,,,,,,a173_tf_2_clark.png
Latt Strf 120,s33_latt_stridsfordon_120.png,9,ПТ,Швеция,Прем,91,"новая имба 9 уровня, ЛУЧШАЯ прем самоходка для осадной игры от маскировки из кустов в роли снайпера. Идеальна для фарма и отдыха в рандоме.",,,,,,,,,a174_m36b1_gmc.png
Об. 283,r191_object_283.png,9,СТ,СССР,Прем,90,,,,,,,,,,a175_otac_mt_58.png
Леший,r159_su_130pm_dr.png,8,ПТ,СССР,Прем,89,"абсолютная советская имба в уникальном 3D стиле, имеет лютую маскировку и дубину на сумасшедшие 520 урона, сносит пол кабины за выстрел, РВЁТ ВСЁ, из-за превосходства по своим характеристикам над одноклассниками выведена разработчиками из свободной продажи, чтобы не ломать баланс в боях",,,,,,,,,a175_otac_mt_58_02.png
Skorpion G,g114_rheinmetall_skorpian.png,8,ПТ,Германия,Прем,88,"абсолютная немецкая имба, имеет лютую подвижность и дубину маусган на ... 490 урона, сносит пол кабины за выстрел, РВЁТ ВСЁ, из-за превосходства по своим характеристикам над одноклассниками выведен разработчиками из свободной продажи, чтобы не ломать баланс в боях",,,,,,,,,a176_otac_lk_7605.png
Skorpion,g114_skorpian.png,8,ПТ,Германия,Прем,87,"абсолютная немецкая имба, имеет лютую подвижность и дубину маусган на ... 490 урона, сносит пол кабины за выстрел, РВЁТ ВСЁ, из-за превосходства по своим характеристикам над одноклассниками выведен разработчиками из свободной продажи, чтобы не ломать баланс в боях",,,,,,,,,a179_mbt_59.png
СУ-130ПМ,r159_su_130pm.png,8,ПТ,СССР,Прем,86,"абсолютная советская имба, имеет лютую маскировку и дубину на сумасшедшие 520 урона, сносит пол кабины за выстрел, РВЁТ ВСЁ, из-за превосходства по своим характеристикам над одноклассниками выведена разработчиками из свободной продажи, чтобы не ломать баланс в боях",,,,,,,,,a17_m37.png
Progetto 46,it13_progetto_m35_mod_46.png,8,СТ,Италия,Прем,85,"редчайшая итальянская имба с впечатляющей динамикой, стабилизацией орудия и магазином с механикой дозарядки (нет необходимости дожидаться полной зарядки барабана, чтобы совершить выстрел). Танк давно отсутствует в свободной продаже.",,,,,,,,,a18_m41.png
703 II (122),r165_object_703_ii.png,8,ТТ,СССР,Прем,84,"НАША советская имба, тяж с отличным бронированием, феноминальной стабилизацией орудий и 2 лютыми дубинами по 390 урона с каждой, можно стрелять поочерёдно как с барабанного танка, либо выдать залп дуплетом на всё лицо противника. Разваливает кабины с пол оборота, очень ""слабая"" техника. Из-за превосходства по своим боевым характеристикам над одноклассниками выведен разработчиками из свободной продажи, чтобы не ломать баланс в боях. Максимально прост по геймплею, прощает множество ошибок новичкам!",,,,,,,,,a19_t2_lt.png
TST,cz21_tst.png,8,ТТ,Чехословакия,Прем,83,"тяж прорыва с мощной лобовой бронёй, превосходной подвижностью и скорострельным орудием — имбалансный урон в минуту более 3000!",,,,,,,,,a21_t14.png
Alpine Tiger,ch03_wz_111_a.png,8,ТТ,Китай,Прем,82,,,,,,,,,,a22_m5_stuart.png
ИС-6,r61_object252.png,8,ТТ,СССР,Прем,81,,,,,,,,,,a23_m7_med.png
112,ch23_112.png,8,ТТ,Китай,Прем,80,,,,,,,,,,a23_m7_med_02.png
WZ-111,ch03_wz_111.png,8,ТТ,Китай,Прем,79,,,,,,,,,,a24_t2_med.png
Ka-Ri,j31_type_5_kari.png,8,ПТ,Япония,Прем,78,"самоходка с КОРАБЕЛЬНОЙ ДУБИНОЙ 9 УРОВНЯ, с огромным уроном, высоким пробитием и ювелирной точностью, снимает пол лица за выстрел! Одна из лучших машин для нагиба, максимально проста по геймплею, даже для новичка. Идеальна для снайперской игры из инвиза от кустов!","самоходка с КОРАБЕЛЬНОЙ ДУБИНОЙ 9 УРОВНЯ, с огромным уроном и высоким пробитием, снимает пол лица за выстрел! Одна из лучших машин для нагиба, максимально проста по геймплею, даже для новичка. Идеальна для снайперской игры из инвиза от кустов!",,,,,,,,a25_m2_med.png
Bisonte C45,it18_progetto_c45_mod_71.png,8,ТТ,Италия,Прем,77,"барабанная имба с механикой дозарядки (не нужно дожидаться полной зарядки барабана, чтобы совершить выстрел). Имеет комфортнейшие углы склонения орудия (-10°) и непробиваемую башню, за счёт чего танк крайне токсичен в позиционной игре от рельефов и насыпей. В комплекте один из лучших 3D стилей в игре специально для этой машины. Даже новички способны показывать хорошие результаты на данном аппарате!",,,,,,,,,a27_t82.png
Gonsalo,gb115_gonsalo.png,8,ТТ,Британия,Прем,76,,,,,,,,,,a29_t40.png
617Q,ch63_stt_617q.png,8,ТТ,Китай,Прем,75,"новая двуствольная имба с ракетными ускорителями. Можно стрелять как поочерёдно из каждый пушки, так и выдать мощный залп сразу с двух орудий! Ракетные ускорители помогают быстро занимать ключевые точки, бодро убегать, если противник продавливает направление и эффектно таранить слабобронированные цели. В сочетании с высоким уроном (360) и комфортными углами склонения (-8°) — один из самых сильных и интересных премов 8 уровня в игре на данный момент.","новая двуствольная имба с ивента ""Разлом"". Единственный танк в игре, оснащенный сразу 2 механиками: ракетными ускорителями и спаренными орудиями, которые позволяют стрелять не только поочерёдно из каждый пушки, но и выдать залп одновременно! В сочетании с высоким уроном (360) и комфортными углами склонения (-8°) — один из самых сильный премов 8 уровня на данный момент.",,,,,,,,a30_m10_wolverine.png
M47 Improv.,a152_m_project_2.png,8,СТ,США,Прем,74,"один из самых сильных и сбалансированных премов 8 лвл. Сочетает мощное орудие (320 урона), идеальные ""амерские"" углы склонения (-10°), крепчайшую башню и уверенное лобовое бронирование - редкость для среднего танка! Эти ярко выраженные плюсы позволяют стабильно наносить урон в условиях современных боёв. Танк уверенно держит направления, особенно в позиционной игре от насыпей и рельефов, что позволяет не зависеть от команды и настреливать урон даже в турбосливах!",,,,,,,,,a31_m36_slagger.png
GSOR 1010,gb121_gsor_1010_fb.png,8,СТ,Британия,Прем,73,,,,,,,,,,a32_m12.png
Doppel,g196_e_75_ausf_b_doppel.png,8,ТТ,Германия,Прем,72,"новая двуствольная имба с впечатляющей бронёй из новогодних коробок. Один из сильнейших премов 8 в игре! Машина оснащена механикой спаренных орудий — можно стрелять как поочередно в стиле барабанного танка, так и выдать мощный залп дуплетом с двух дубин одновременно!",,,,,,,,,a33_mtls_1g14.png
Sekera,cz39_sd_122_49_sekera.png,8,ПТ,Чехословакия,Прем,71,новая самоходка с крепким лбом и мощным барабаном на 2 снаряда по 390 урона! ,,,,,,,,,a34_m24_chaffee.png
AMBT,a149_ambt.png,8,СТ,США,Прем,70,"абсолютная американская имба с барабаном, оснащенным механикой дозарядки ( нет необходимости дожидаться полной зарядки барабана, чтобы совершить выстрел )",,,,,,,,,a35_pershing.png
Защитник,r134_object_252k.png,8,ТТ,СССР,Прем,69,"наш советский TOP G, легендарнейшная имба с лютейшей бронёй от танка 10 уровня и бревномётом на 440 урона. Танк очень живуч за счёт своего имбалансного бронирования, поэтому максимально прост по геймплею и прощает множество ошибок новичкам",,,,,,,,,a35_pershing_fl.png
Сапсан,r115_is-3_auto_s.png,8,ТТ,СССР,Прем,68,"полная копия ИС-3 с МЗ с уникальным стилем, имеет ОЧЕНЬ ИМБОВЫЙ БАРАБАН С МЕХАНИКОЙ ДОЗАРЯДКИ - не обязательно дожидаться зарядки всего барабана, чтобы начать вести огонь, если того требует ситуация (Советская легенда мира танков ИС-3 ещё и с барабаном)",,,,,,,,,a36_sherman_jumbo.png
Burza,pl27_sdp_wz_66t.png,8,ПТ,Польша,Прем,67,"уникальная самоходка с механикой газотурбинного двигателя! Оснащена мощной дубиной на 450 урона, удобными для ПТ углами склонения (-8°) и впечатляющим бронированием лба. При активации режима носиться по карте, как разъярённый бизон и способна снимать немало хп тараном!",,,,,,,,,a37_m40m43.png
WZ-111 6,ch58_111_vz51.png,8,ТТ,Китай,Прем,66,"динамичный тяж прорыва. Обладает одной из самых крепких башен на уровне, почти без уязвимых зон благодаря крайне малым размерам лючка! Идеален для агрессивной игры: способен вытанковывать много урона в позиционных перестрелках и выгодно разменивать хп за счёт высокого разового урона (360), а отличные углы склонения (-8°) дают заметное преимущество, при игре от рельефов и насыпей. Стабильно набивает урон и при этом прощает многие ошибки новичкам!",,,,,,,,,a38_t92.png
Renegade,a124_t54e2.png,8,ТТ,США,Прем,65,на первый взгляд классический американец: отличные углы склонения орудия и неплохая подвижность. Но впечатляющий урон в минуту в сочетании с хорошей стабилизацией до сих пор превращают его в настоящую фаршимбу!,,,,,,,,,a39_t28.png
Type 63,j36_type_63_ht.png,8,ТТ,Япония,Прем,64,"невероятно эффектный прем с литой качающейся непробиваемой башней и уникальной механикой охлаждения орудия. После короткой паузы пушка становится ювелирно точной, позволяя уверенно работать по целям на дистанции и выцеливать уязвимые зоны противника.","НЕВЕРОЯТНО красивая прем имба 8 уровня с литой качающейся непробиваемой башней. Когда встречаешь данный аппарат в команде противника, очко начинает полыхать, как нефтебаза, потому что в позиционной игре данный танк высовывает только башню на которой отсутствуют какие-либо уязвимые зоны и свою дубину с новой механикой ОХЛАЖДЕНИЯ, которая, после пары секунд остывания становится ювелирно точной и злой",,,,,,,,a40_t95.png
TS-54,a145_ts_54.png,8,ТТ,США,Прем,63,"НОВАЯ ДВУСТВОЛКА! Машина имеет механику спаренных орудий - можно вести огонь как поочередно из каждого орудия, в стиле барабанного танка с дозарядкой, так и выдать дуплет на пол лица противника одновременно с двух пушек! Если ищите уникальный, эмоциональный геймплей, это ваш выбор!","новая двуствольная имба с механикой спаренных орудий. Можно стрелять как поочередно в стиле барабанного танка, так и выдать мощный залп дуплетом с двух дубин одновременно! Для тяжа обладает впечатляющей точностью — легко выцеливать лючки и уязвимые зоны, отличной стабилизацией — вы тратите меньше времени на сведение и быстрее реагируете на бой, а также удобными углами склонения (-8°) и хорошей подвижностью.",,,,,,,,a41_m18_hellcat.png
Об. 252У,r134_object_252u.png,8,ТТ,СССР,Прем,62,"наш советский TOP G, легендарнейшная имба с лютейшей бронёй от танка 10 уровня и бревномётом на 440 урона. Танк очень живуч за счёт своего имбалансного бронирования, поэтому максимально прост по геймплею и прощает множество ошибок новичкам",,,,,,,,,a43_m22_locust.png
703 II (100),r165_object_703_ii_100.png,8,ТТ,СССР,Прем,61,"НАША советская имба! Тяж прорыва с крепкой бронёй, отличной стабилизацией и 2 мощными пушками по 300 урона. Можно стрелять как поочерёдно из каждого ствола, так и выдать мощный залп дуплетом с двух дубин одновременно. Очень прост по геймплею и прощает множество ошибок новичкам.",,,,,,,,,a44_m4a2e4.png
E 75 TS,g143_e75_ts.png,8,ТТ,Германия,Прем,60,"динамичный немецкий тяж с потрясающим орудием, особенно силен в позиционной игре от рельефов и насыпей, благодаря крепкой башне и комфортным углам склонения орудия! Один из лучших вариантов для старта!",,,,,,,,,a45_m6a2e1.png
Об. 265Т,r212_object_265t.png,8,ТТ,СССР,Прем,59,"штурмовой тяж с крепкой бронёй и мощной альфой, буквально созданный для ближнего боя. В отличие от большинства советской техники, у него хорошие углы склонения орудия (-8°), что позволяет безопасно стрелять из-за насыпей и рельефов местности. Заднее расположение башни даёт огромное преимущество в городских перестрелках — можно эффективно выезжать от борта, прикрывая уязвимые зоны. Отличный вариант для тех, кто хочет стабильно наносить урон на передовой, даже без большого опыта игры.",,,,,,,,,a46_t3.png
M-IV-Y,a141_m_iv_y.png,8,ТТ,США,Прем,58,,,,,,,,,,a57_m8a1.png
50TP pr.,pl08_50tp_prototyp.png,8,ТТ,Польша,Прем,57,,,,,,,,,,a58_t67.png
Объект 168Н,r203_object_168n.png,8,СТ,СССР,Прем,56,"НАШ, Советский новичок из НГ коробок 2025. Из особенностей - отличная динамика, точная пушка ( но только после полного сведения! ) и потрясающий урон в минуту с альфой 320. По стилю игры - снайпер а ля немецкий леопард.",,,,,,,,,a62_ram_ii.png
Taurus CA,gb118_taurus_ca.png,8,ПТ,Британия,Прем,55,,,,,,,,,,a63_m46_patton.png
Somua SM,f84_somua_sm.png,8,ТТ,Франция,Прем,54,"сильнейший барабан на 5 снарядов. Многие статисты берут его для игры на результат, так как машина имеет огромный потенциал! Кроме того, танк отлично подходит для фарма серебра: высокое пробитие базовым снарядом и удобное орудие делают процесс комфортным, а наличие барабана делает даже рутинные бои более увлекательными.",,,,,,,,,a63_m46_patton_fl.png
ИСУ-152К,r177_isu_152k_bl10.png,8,ПТ,СССР,Прем,53,,,,,,,,,,a63_m46_patton_kr.png
Vipera,it30_cc_mod_64_prem.png,8,ПТ,Италия,Прем,52,"титаническое лобовое бронирование, топовые углы склонения орудия (-10°) и магазинная система заряжания на 5 снарядов с огромной альфой (400) позволяют безнаказанно наносить до 2000 !!! урона с 1 барабана. Это очень серьёзный противник на поле боя, на которого будут бояться выходить, когда он заряжен. Название машины говорит само за себя: ""ГАДЮКА"". За такой жир танк расплачивается не самой лучшей подвижностью и пусть на бумаге это самоходка, фактически это тяж, который играет преимущественно от первой линии. Машина прощает множество ошибок, поэтому даже новичок сможет показывать уверенные результаты без лишней сложности!",,,,,,,,,a64_t25_at.png
GSOR 1008,gb109_gsor_1008.png,8,ПТ,Британия,Прем,51,"гипер опасный барабан на 4 снаряда с отличной подвижностью, маскировкой и высоким пробитием базовым снарядом. Танк универсален и идеален, как для пассивной игры от инвиза из кустов, так и для более активного крысо-геймплея, так как обладает отличной динамикой, маскировкой, точностью и довольно маленькими габаритами, из-за чего по нему непросто попасть. Главное правило - сводиться до конца!",,,,,,,,,a64_t25_at_fl.png
Dravec,cz37_vz_59_dravec.png,8,ТТ,Чехословакия,Прем,50,,,,,,,,,,a66_m103.png
CS-52 LIS,pl19_cs_52_lis.png,8,СТ,Польша,Прем,49,"сбалансированный универсал. Отличная стабилизация и динамика, комфортная пушка с высоким альфой. Один из лучших премов для фарма серебра.",,,,,,,,,a67_t57_58.png
Lansen C,s26_lansen_c.png,8,СТ,Швеция,Прем,48,,,,,,,,,,a67_t57_58_isp.png
ShPTK-TVP,cz20_shptk_tvp_100_mm.png,8,ПТ,Чехословакия,Прем,47,"чехословацкая имба, в простонародии ""ШПАК"", любимец статистов. Идеален для фарма серебра и игры на результат, так как имеет колоссально высокое пробитие базовым снарядом и неимоверно высокий урон в минуту, благодаря чему, потрясающе отыгрывает даже против танков 10 уровня",,,,,,,,,a67_t57_58_t.png
Pr.68 (P),g164_kpz_pr_68_p.png,8,СТ,Германия,Прем,46,"быстрый немецкий снайпер с мощной точной пушкой и превосходной подвижностью. Оснащён автоматической пневмоподвеской, благодаря которой может опускаться орудие на 9 градусов, что очень комфортно при игре от рельефов и позволяет скрывать бОльшую часть корпуса за холмами. Имеет высокое пробитие и урон в целых 400 единиц — оптимальный выбор для тех, кто предпочитает наносить стабильный урон с дистанции без необходимости в лобовых разменах",,,,,,,,,a68_t28_prototype.png
Kpz 07 RH,g154_kpz_07_rh.png,8,СТ,Германия,Прем,45,"очень динамичный ЛТ-подобный средний танк, способный менять фланги в считанные секунды, за счёт сумасшедшей подвижности. Орудие с колоссально высоким уроном в минуту, перезарядка всего 4 секунды - эдакий вечно заряженный крысо-барабан. За это расплачивается отсутствием брони и не самым высоким уроном за выстрел.",,,,,,,,,a68_t28_prototype_fl.png
Lorr. 40 t,f19_lorraine40t.png,8,СТ,Франция,Прем,44,,,,,,,,,,a69_t110e5.png
ASTRON Rex,a140_astron_rex_105mm.png,8,СТ,США,Прем,43,"динамичный легкий средний танк с барабаном на 5 снарядов.
Наносит до 1600 урона за серию, стреляя каждые 4 секунды. Хорошо подходит для фланговых атак, подлавливания противников или добивания, когда враг не может ответить. У танка низкий силуэт, хорошие углы склонения пушки (-10°) и быстрая скорость заднего хода — удобно играть от рельефа и быстро уходить на перезарядку после стрельбы. Главная фишка - мобильность легкого танка, с возможностью выдать большой урон за короткое время. Подходит тем, кто любит действовать хитро и выбирать правильные моменты для атаки.",,,,,,,,,a69_t110e5_7x7.png
AMX Cda 105,f68_amx_chasseur_de_char_46.png,8,ПТ,Франция,Прем,42,,,,,,,,,,a69_t110e5_cl.png
KanJPz 105,g112_kanonenjagdpanzer_105.png,8,ПТ,Германия,Прем,41,"немецкая ювелирно точная пушка, колоссальная динамика, высокий разовый урон и пробитие ( идеально для фарма кредитов ), за ярко выраженные плюсы расплачивается посредственным бронированием, а точнее практически полным её отсутствием. Идеально справляется с ролью снайпера.",,,,,,,,,a71_t21.png
T77,a132_t77.png,8,ТТ,США,Прем,40,"мощнейший барабан на 3 снаряда. Между выстрелами всего 2 сек, как у десятки, а высокий урон и пробитие позволяют спокойно пробивать даже крепкие цели без необходимости заряжать голду. Чтобы раскрыть этот танк, нужно правильное оборудование (УМП + Стаб + Прицел) и он начинает рвать всё, что движется. Одна из моих самых любимых машин в игре, которая должна быть у каждого! ❤️","агрессивный барабан на 3 снаряда. Между выстрелами всего 2 сек, как у десятки, а высокий урон и пробитие позволяют спокойно пробивать даже крепкие цели без необходимости заряжать голду. Совет - всё оборудование ставим на стабилизацию и танк превращается в мясорубку","динамичный агрессивный барабан на 3 снаряда. Между выстрелами всего 2 сек, как у десятки, а высокий урон и пробитие позволяют спокойно пробивать даже крепкие цели без необходимости заряжать голду. Совет - всё оборудование ставим на стабилизацию и танк превращается в фаршимбу.",,,,,,,a72_t25_2.png
EMIL 1951,s18_emil_1951_e1.png,8,ТТ,Швеция,Прем,39,"мощный магазин на 3 снаряда, непробиваемая башня, отличная для тт подвижность и имбалансные углы склонения орудия (-12°). Танк очень токсичен в позиционной игре, так как не имеет уязвимых зон, когда выезжает от рельефов местности","на первый взгляд, просто мощный динамичный барабан на 3 снаряда с крепкой башней. Но что действительно делает его уникальным — это абсолютно имбалансные углы склонения орудия (-12°), благодаря которым танк невероятно силён в позиционной игре, может уверенно стрелять из-за рельефов и в одиночку удерживать направления.",,,,,,,,a74_t1_e6.png
Т-34,a13_t34_hvy.png,8,ТТ,США,Прем,38,"классический американский тяж с дубиной на 400 урона, потрясающим пробитием основным снарядом, железобетонной башней и завидными углами склонения орудия. До недавнего времени гордо носил клеймо ""КУСОК"" ( г*вна, кто не понял ), но всё изменилось после последнего апа. Разработчики сделали из него самую настоящую имбу, ""подкрутив"" подвижности, стабилизацию орудия и перезарядку. В текущих реалиях - очень достойная машина, которая играет буквально за вас!",,,,,,,,,a78_m4_improved.png
T34 B,a13_t34_hvy_bf.png,8,ТТ,США,Прем,37,"классический американский тяж с дубиной на 400 урона, потрясающим пробитием основным снарядом, железобетонной башней и завидными углами склонения орудия. До недавнего времени гордо носил клеймо ""КУСОК"" ( г*вна, кто не понял ), но всё изменилось после последнего апа. Разработчики сделали из него самую настоящую имбу, ""подкрутив"" подвижности, стабилизацию орудия и перезарядку. В текущих реалиях - очень достойная машина, которая играет буквально за вас!",,,,,,,,,a80_t26_e4_superpershing.png
Jagdtiger Pr.,g44_jagdtigerh.png,8,ПТ,Германия,Прем,36,"практически полная копия прокачиваемой самоходки немецкой ветки, но с одним нюансиком, разрабы взяли ПТ 9 уровня сделали её Премный клон и поставили на ... 8. Как итог, данный аппарат со своей дубиной маусганом на борту и железобетонной рубкой рвёт всё, что видит по кд. Отличается Яга от своего старшего собрата разве что более низким пробитием, но для 8 уровня оно по-прежнему остаётся крайне высоким даже на базовом снаряде, поэтому броню противника она практически не чувствует.",,,,,,,,,a80_t26_e4_superpershing_fl.png
WZ-113-II,ch46_113_140.png,8,ТТ,Китай,Прем,35,"тяж прорыва, с потрясающей для ТТ подвижностью и крепчайшей бронёй! Способен уверенно врываться и продавливать направления, а также вытанковывать большое количество урона, благодаря корпусу от ""десятки"". Новичкам машина прощает множество ошибок, так как часто ловит рикошеты и непробития.",,,,,,,,,a81_t95_e2.png
VK 75.01 K,g141_vk7501k.png,8,ТТ,Германия,Прем,34,"жёсткий немецкий тяж с дубиной маусганом на ... 490 урона! Сносит пол кабины за выстрел, РВЁТ ВСЁ. После последнего обновления разрабы ""потрогали"" его технические характеристики и неслабо так апнули, теперь на данном аппарате нагибают даже новички, так как машина стала существенно комфортнее благодаря увеличению скорости перезарядки и углов склонения орудия, и в целом максимально проста по геймплею за счёт игры от высокого урона, который всегда проще реализовать, чем ДПМ",,,,,,,,,a83_t110e4.png
Caernarvon AX,gb93_caernarvon_ax.png,8,ТТ,Британия,Прем,33,"в одном из последних патчей 2024 года танк получил жирнейший ап характеристик, ему разогнали перезарядку, сведение и существенно улучшили стабилизацию, за счёт чего он стал лютейшей имбой! Многие топовые игроки до последнего не верили что его выпустят в релиз с такими ТТХ, но это случилось! Крутейший аппарат для нагиба и фарма серебра, имеющий свой уникальный геймплей. ГЛАВНАЯ ИМБА среди всех прем танков 8 уровня за боны по версии Клумбы ( https://www.youtube.com/watch?v=aBEGdzvED4M&t=117s )",,,,,,,,,a83_t110e4_7x7.png
КВ-4 КТТС,r121_kv4_ktt.png,8,ПТ,СССР,Прем,32,"на борту одна из лучших пушек своего уровня! Играется как тяжёлый танк, выдаёт уверенную альфу 360 с колоссальным уроном в минуту свыше 3000! Орудие вращается на 45° в каждую сторону, что делает стрельбу удобной даже без башни. Идеальный выбор для тех, кто любит постоянно держать противника в фокусе под огнём.",,,,,,,,,a83_t110e4_isp.png
56TP,pl24_56tp.png,8,ТТ,Польша,Прем,31,"тяжелый польский альфа самец с дубиной на 390 урона, прекрасным пробитием, потрясающими углами склонения орудия и феноменальной для тяжа точностью, что ещё нужно для комфортного фарма в удовольствие ?",,,,,,,,,a84_m48a1.png
Chrysler K,a115_chrysler_k.png,8,ТТ,США,Прем,30,,,,,,,,,,a85_t110e3.png
Panther 8.8,g106_pzkpfwpanther_ausff.png,8,СТ,Германия,Прем,29,"легендарная немецкая пантера с ювелирно точной пушкой и отличной скорострельностью. Танк получил добротный ап характеристик в одном из последних обновлений, что существенно сказалось на его эффективности в бою даже в руках неопытных игроков!",,,,,,,,,a85_t110e3_isp.png
К-2,r192_k_2.png,8,ТТ,СССР,Прем,28," советский титан! Машина имеет сверхмощное бронирование. Корпус буквально от десятки, за счёт чего тяж стабильно вытанковывает огромное количество урона и имеет впечатляющую выживаемость! Идеальный выбор для старта: прощает множество даже самых грубых ошибок, обладает высоким уроном (390) и максимально прост по геймплею.",,,,,,,,,a86_t23e3.png
ИС-5,r113_object_730.png,8,ТТ,СССР,Прем,27,,,,,,,,,,a87_m44.png
Об. 259А,r188_object_259a.png,8,ТТ,СССР,Прем,26,"советский тяж прорыва с мощнейшим орудием на 420 урона и крепкой башней. Оптимальный выбор для тех, кто предпочитает ворваться, дать на пол лица и откатить, вместо того, чтобы кидать часто и по чуть чуть, рискуя отлететь в ангар",,,,,,,,,a88_m53_55.png
Кировец-1,r123_kirovets_1.png,8,ТТ,СССР,Прем,25,"советская МОЩЬ. Более быстрый и крепкий прем-аналог легендарного ИС-3, но без его слабых мест! Вместо «щучьего носа», ровная бронеплита, которую гораздо труднее пробить. Лучший ""дед"" на 8 уровне по версии топ-стрелка! → https://clck.ru/3PRdk7","лютая советская МОЩЬ. Более быстрый и крепкий Прем-аналог легендарного ИС-3, но без его слабых мест: вместо «щучьего носа» - толстая ровная бронеплита, которую гораздо труднее пробить. Орудие косовато, поэтому комфортно он чувствует себя именно в ближнем бою. Зато каждый выстрел для противника по-настоящему ощутим — 390 альфы и высокая динамика позволяют буквально врываться с двух ног и ломать кабины. Не зря он признан лучшим ""дедом"" на 8 уровне по версии топ стрелка! 👉 Смотри обзор → https://youtu.be/P_TI9rw1zSQ?si=2dyiedCbjU3ykTgz","советская МОЩЬ, более быстрый и крепкий аналог легендарного ИС-3. Советская техника особенно хороша в руках новичков и неопытных игроков, так как прощает множество ошибок за счёт своей универсальности, достаточно высокого разового урона, отличного бронирования с сюрпризами для противника в виде фальшбортов и выгодных наклонов бронелистов, а также славится ""вертуханами"" несмотря на не самую лучшую точность",,,,,,,a89_t54e1.png
Т-44 обл.,r98_t44_85.png,8,ЛТ,СССР,Прем,24,,,,,,,,,,a90_t69.png
T26E5,a117_t26e5.png,8,ТТ,США,Прем,23,,,,,,,,,,a92_m60.png
Карачун,j27_o_i_120_bp.png,8,ТТ,Япония,Прем,22,,,,,,,,,,a93_t7_combat_car.png
T42,a136_t42.png,8,СТ,США,Прем,21,,,,,,,,,,a94_t37.png
M4A1 Rev.,f73_m4a1_revalorise.png,8,СТ,Франция,Прем,20,,,,,,,,,,a95_t95_e6.png
СТГ,r146_stg.png,8,СТ,СССР,Прем,19,,,,,,,,,,a97_m41_bulldog.png
T25 Pilot 1,a111_t25_pilot.png,8,СТ,США,Прем,18,"один из лучших фармеров в игре и лютая имба! До недавнего времени аппарат был откровенно слабенький, но в одном из последних обновлений разрабы ""потрогали"" его технические характеристики и неслабо так апнули, машина стала существенно сильнее благодаря увеличению скорости перезарядки, пробития, динамики и обзора, за счёт чего, статисты начали показывать на нём сумасшедшие результаты по урону! Смотрите видос! ( https://www.youtube.com/watch?v=wJiWf4mnf84 )",,,,,,,,,a97_m41_bulldog_fl.png
M46 KR,a63_m46_patton_kr.png,8,СТ,США,Прем,17,"красивейший американец в уникальном исполнении с потрясающими американскими углами склонения орудия, неплохой стабилизацией и лютейшей скорострельностью. В одном из последний патчей ему апнули характеристики, в том числе усилили бронепробитие, после чего он стал ну очень хорош!",,,,,,,,,a99_t92_lt.png
Tornvagn,s32_bofors_tornvagn.png,8,ТТ,Швеция,Прем,16,"потрясающие углы склонения орудия, непробиваемая башня и высокое пробитие, за счёт чего прекрасно себя чувствует даже в боях с техникой 10 уровня, в лоб башни его практически невозможно пробить даже с десятки.",,,,,,,,,ch01_type59.png
A.P. AMX 30,f117_alt_proto_amx_30.png,8,СТ,Франция,Прем,15,"очень динамичный средний танк с высоким пробитием, благодаря которому танк стабильно фармит серебро, так как нет необходимости заряжать более дорогой тип снаряда. Но это ещё не всё! Его главная фишка - это абсолютно имбалансные углы склонения орудия в (-11) градусов! Такой показатель в игре встречается крайне редко и нехарактерен для средних танков. Это позволяет безопасно выходить из-за холмов, высовывая только верхнюю часть башни с орудием и полностью скрывать корпус за рельефом, благодаря чему можно безнаказанно наносить урон по противнику!",,,,,,,,,ch01_type59_gold.png
КВ-5,r54_kv_5.png,8,ТТ,СССР,Прем,14,,,,,,,,,,ch02_type62.png
КВ-4 Кресл.,r128_kv4_kreslavskiy.png,8,ТТ,СССР,Прем,13,,,,,,,,,,ch03_wz_111.png
VK 168.01 P,g138_vk168_02.png,8,ТТ,Германия,Прем,12,,,,,,,,,,ch03_wz_111_a.png
Т-54 обр. 1,r112_t54_45.png,8,СТ,СССР,Прем,11,"советский универсал, маневренный средний танк, универсальная машина на поле боя","наш, советский Т54! Способен быстро менять фланги, заходить с бортов, разводить на выстрел, играя от башни, и ловить противника на ошибках",,,,,,,,ch04_t34_1.png
Pz. 58,g119_panzer58.png,8,СТ,Германия,Прем,10,,,,,,,,,,ch05_t34_2.png
TL-1 LPC,a127_tl_1_lpc.png,8,СТ,США,Прем,9,"динамичный средний танк с очень комфортным орудием и крепкой башней, что позволяет прочно занимать позиции при игре от рельефа и стабильно и безопасно наносить урон, выезжая из-за холмов и насыпей. Подойдёт тем, кто предпочитает активный геймплей, например зайти с фланга и устроить перекрестный огонь, заставив врага ошибаться, вместо того, чтобы большую часть боя прятаться в кустах, выжидая, когда противник ошибётся сам",,,,,,,,,ch06_renault_nc31.png
Škoda T 27,cz13_t_27.png,8,СТ,Чехословакия,Прем,8,быстрый барабан с 3 снарядами и молниеносным кд между выстрелами (1.8 сек),"быстрый барабан на 3 снаряда. Перезарядка между выстрелами всего 1.8 сек — почти пулемёт! Можно буквально не отпускать противника с катка, пока не разрядите в него весь барабан.",,,,,,,,ch07_vickers_mke_type_bt26.png
Chieftain/T95,gb87_chieftain_t95_turret.png,8,СТ,Британия,Прем,7,,,,,,,,,,ch08_type97_chi_ha.png
Об. 274а,r180_object_274_a.png,8,СТ,СССР,Прем,6,,,,,,,,,,ch09_m5.png
Jg.Tig.8.8 cm,g65_jagdtiger_sdkfz_185.png,8,ПТ,Германия,Прем,5,,,,,,,,,,ch10_is2.png
Strv 81,s23_strv_81.png,8,СТ,Швеция,Прем,4,,,,,,,,,,ch11_110.png
T95E2,a81_t95_e2.png,8,СТ,США,Прем,3,,,,,,,,,,ch12_111_1_2_3.png
M 41 90 mm,g120_m41_90.png,8,ЛТ,Германия,Прем,2,,,,,,,,,,ch12_111_1_2_3_fl.png
Senlac,gb101_fv1066_senlac.png,8,ЛТ,Британия,Прем,1,,,,,,,,,,ch14_t34_3.png
,,,,,,,,,,,,,,,,ch15_59_16.png
,,,,,,,,,,,,,,,,ch16_wz_131.png
ИС-2М,r156_is_2m.png,7,ТТ,СССР,Прем,8,,,,,,,,,,ch17_wz131_1_wz132.png
ИС-2Э,r175_is_2_screen.png,7,ТТ,СССР,Прем,8,,,,,,,,,,ch17_wz131_1_wz132_fl.png
ИСУ-122С,r116_isu122c_berlin.png,7,ПТ,СССР,Прем,7,"высокий разовый урон 390, сверхвысокий урон в минуту, нехарактерный для 7 уровня",,,,,,,,,ch18_wz_120.png
КВ-122,r133_kv_122.png,7,ТТ,СССР,Прем,7,,,,,,,,,,ch19_121.png
СУ-122-44,r89_su122_44.png,7,ПТ,СССР,Прем,7,"наша, советская фурия с пушкой-деструктором, 390 урона НА 7 УРОВНЕ!",,,,,,,,,ch19_121_7x7.png
У-18,r164_u_18_t.png,7,ПТ,СССР,Прем,9,"советская самоходка с неимоверно высоким уроном. Эта дубина снимает 700 хп с выстрела! Вы всегда на шаг впереди, потому что можете разменять хп выгоднее, чем противник!",,,,,,,,,ch20_type58.png
AT 15A,gb71_at_15a.png,7,ПТ,Британия,Прем,5,,,,,,,,,,ch21_t34.png
Eagle 7,a121_m26_cologne.png,7,СТ,США,Прем,8,,,,,,,,,,ch22_113.png
FV201 (A45),gb52_a45.png,7,ТТ,Британия,Прем,4,,,,,,,,,,ch22_113p.png
M56 Scorpion,a101_m56.png,7,ПТ,США,Прем,8,,,,,,,,,,ch22_113_beijing_opera.png
Steyr WT,g109_steyr_wt.png,7,ПТ,Германия,Прем,5,,,,,,,,,,ch22_113_t.png
Super Hellcat,a130_super_hellcat.png,7,ПТ,США,Прем,7,,,,,,,,,,ch23_112.png
T26E3 Eagle 7,a121_m26_cologne.png,7,СТ,США,Прем,8,,,,,,,,,,ch23_112_fl.png
VK 45.03,g118_vk4503.png,7,ТТ,Германия,Прем,5,,,,,,,,,,ch24_type64.png
Т-34-85М,r108_t34_85m.png,6,СТ,СССР,Прем,9,,,,,,,,,,ch25_121_mod_1971b.png
Т-50-2,r160_t_50_2.png,6,ЛТ,СССР,Прем,6,,,,,,,,,,ch25_121_mod_1971b_mk.png
Т-V Пантера,r218_panther_n_518.png,6,СТ,СССР,Прем,6,,,,,,,,,,ch26_59_patton.png
Dicker Max,g41_dickermax.png,6,ПТ,Германия,Прем,5,,,,,,,,,,ch28_wz_132a.png
GMC M36B1,a174_m36b1_gmc.png,6,ПТ,США,Прем,7,,,,,,,,,,ch29_type_62c_prot.png
M10 RBFM,f112_m10_rbfm.png,6,ПТ,Франция,Прем,4,,,,,,,,,,ch30_t_26g_ft.png
M44,a87_m44.png,6,САУ,США,,1,,,,,,,,,,ch31_m3g_ft.png
Panther/M10,g78_panther_m10.png,6,СТ,Германия,Прем,4,,,,,,,,,,ch32_su_76g_ft.png
Skoda T 40,cz01_skoda_t40.png,6,СТ,Чехословакия,Прем,5,,,,,,,,,,ch33_60g_ft.png
Super Chaffee,a134_m24e2_superchaffee.png,6,ЛТ,США,Прем,6,,,,,,,,,,ch34_wz131g_ft.png
Tiger 131,g136_tiger_131.png,6,ТТ,Германия,Прем,6,,,,,,,,,,ch35_t_34_2g_ft.png
VK 28.01 105,g158_vk2801_105_spxxi.png,6,ЛТ,Германия,Прем,8,,,,,,,,,,ch36_wz111_1g_ft.png
VK 36.01 K 41,g15_vk3601h_c.png,6,ТТ,Германия,Прем,7,,,,,,,,,,ch37_wz111g_ft.png
КВ-1С с МЗ,r197_kv_1s_mz.png,5,ТТ,СССР,Прем,9,,,,,,,,,,ch38_wz113g_ft.png
КВ-1Э,r186_kv_1_screened.png,5,ТТ,СССР,Прем,7,,,,,,,,,,ch38_wz113g_ft_7x7.png
Т-115,r209_t_115.png,5,СТ,СССР,Прем,8,,,,,,,,,,ch39_wz120_1g_ft.png
Т-34Э,r154_t_34e_1943.png,5,СТ,СССР,Прем,6,,,,,,,,,,ch39_wz120_1g_ft_fl.png
M24 No.594,a160_m24_594.png,5,ЛТ,США,Прем,2,,,,,,,,,,ch40_wz120g_ft.png
M41 HMC,a18_m41.png,5,САУ,США,,1,,,,,,,,,,ch41_wz_111_5a.png
Valiant,gb37_valliant.png,5,СТ,Британия,Прем,4,,,,,,,,,,ch41_wz_111_5a_7x7.png
,,,,,,,,,,,,,,,,ch41_wz_111_5a_bob.png
,,,,,,,,,,,,,,,,ch41_wz_111_mt.png
,,,,,,,,,,,,,,,,ch41_wz_111_ql.png
,,,,,,,,,,,,,,,,ch41_wz_111_test.png
,,,,,,,,,,,,,,,,ch42_walkerbulldog_m41d.png
,,,,,,,,,,,,,,,,ch43_wz_122_2.png
,,,,,,,,,,,,,,,,ch44_114_sp2.png
,,,,,,,,,,,,,,,,ch45_wz_114.png
,,,,,,,,,,,,,,,,ch46_113_140.png
,,,,,,,,,,,,,,,,ch47_bz_176.png
,,,,,,,,,,,,,,,,ch48_bz_75.png
,,,,,,,,,,,,,,,,ch48_bz_75_7x7.png
,,,,,,,,,,,,,,,,ch49_bz_68.png
,,,,,,,,,,,,,,,,ch50_bz_166.png
,,,,,,,,,,,,,,,,ch51_bz_58.png
,,,,,,,,,,,,,,,,ch52_wz_122_6_f3.png
,,,,,,,,,,,,,,,,ch53_t_26_china.png
,,,,,,,,,,,,,,,,ch56_bz_74_1.png
,,,,,,,,,,,,,,,,ch57_bzt_70.png
,,,,,,,,,,,,,,,,ch57_bzt_70_t.png
,,,,,,,,,,,,,,,,ch58_111_vz51.png
,,,,,,,,,,,,,,,,ch59_bz58_2.png
,,,,,,,,,,,,,,,,ch60_vickers_typeb.png
,,,,,,,,,,,,,,,,ch61_dzt_159.png
,,,,,,,,,,,,,,,,ch62_zzt_58.png
,,,,,,,,,,,,,,,,ch63_stt_617q.png
,,,,,,,,,,,,,,,,ch70_gpt_58.png
,,,,,,,,,,,,,,,,ch71_gpt_166.png
,,,,,,,,,,,,,,,,ch71_gpt_166_t.png
,,,,,,,,,,,,,,,,ch72_gpt_68.png
,,,,,,,,,,,,,,,,ch73_gpt_75.png
,,,,,,,,,,,,,,,,ch73_gpt_75_t.png
,,,,,,,,,,,,,,,,ch74_wz_57_i.png
,,,,,,,,,,,,,,,,cz01_skoda_t40.png
,,,,,,,,,,,,,,,,cz02_tvp_t50.png
,,,,,,,,,,,,,,,,cz02_tvp_t50_fl.png
,,,,,,,,,,,,,,,,cz03_lt_vz35.png
,,,,,,,,,,,,,,,,cz04_t50_51.png
,,,,,,,,,,,,,,,,cz04_t50_51_isp.png
,,,,,,,,,,,,,,,,cz05_t34_100.png
,,,,,,,,,,,,,,,,cz06_kolohousenka.png
,,,,,,,,,,,,,,,,cz07_tvp_46.png
,,,,,,,,,,,,,,,,cz08_t_25.png
,,,,,,,,,,,,,,,,cz09_t_24.png
,,,,,,,,,,,,,,,,cz10_lt_vz38.png
,,,,,,,,,,,,,,,,cz11_v_8_h.png
,,,,,,,,,,,,,,,,cz13_t_27.png
,,,,,,,,,,,,,,,,cz14_skoda_t-56.png
,,,,,,,,,,,,,,,,cz15_skoda_t-45_prem.png
,,,,,,,,,,,,,,,,cz16_tnh_t_vz51.png
,,,,,,,,,,,,,,,,cz17_vz_55.png
,,,,,,,,,,,,,,,,cz17_vz_55_cn.png
,,,,,,,,,,,,,,,,cz18_tnh_105_1000.png
,,,,,,,,,,,,,,,,cz19_vz_44_1.png
,,,,,,,,,,,,,,,,cz20_shptk_tvp_100_mm.png
,,,,,,,,,,,,,,,,cz21_tst.png
,,,,,,,,,,,,,,,,cz29_pzw_39.png
,,,,,,,,,,,,,,,,cz30_tbt.png
,,,,,,,,,,,,,,,,cz31_tatra_t_iii.png
,,,,,,,,,,,,,,,,cz32_vz_58_koncept.png
,,,,,,,,,,,,,,,,cz35_klevets.png
,,,,,,,,,,,,,,,,cz36_lisak_v2.png
,,,,,,,,,,,,,,,,cz37_vz_59_dravec.png
,,,,,,,,,,,,,,,,cz38_projekt_sat.png
,,,,,,,,,,,,,,,,cz39_sd_122_49_sekera.png
,,,,,,,,,,,,,,,,default_image.png
,,,,,,,,,,,,,,,,f01_renaultft.png
,,,,,,,,,,,,,,,,f02_d1.png
,,,,,,,,,,,,,,,,f03_d2.png
,,,,,,,,,,,,,,,,f04_b1.png
,,,,,,,,,,,,,,,,f05_bdr_g1b.png
,,,,,,,,,,,,,,,,f06_arl_44.png
,,,,,,,,,,,,,,,,f07_amx_m4_1945.png
,,,,,,,,,,,,,,,,f08_amx_50_100.png
,,,,,,,,,,,,,,,,f08_amx_50_100_fl.png
,,,,,,,,,,,,,,,,f09_amx_50_120.png
,,,,,,,,,,,,,,,,f100_panhard_ebr_90.png
,,,,,,,,,,,,,,,,f106_panhard_ebr_75_mle1954.png
,,,,,,,,,,,,,,,,f107_hotchkiss_ebr.png
,,,,,,,,,,,,,,,,f108_panhard_ebr_105.png
,,,,,,,,,,,,,,,,f109_amd_panhard_178b.png
,,,,,,,,,,,,,,,,f10_amx_50b.png
,,,,,,,,,,,,,,,,f10_amx_50b_bob.png
,,,,,,,,,,,,,,,,f10_amx_50b_isp.png
,,,,,,,,,,,,,,,,f110_lynx_6x6.png
,,,,,,,,,,,,,,,,f110_lynx_6x6_fl.png
,,,,,,,,,,,,,,,,f111_am39_gendron_somua.png
,,,,,,,,,,,,,,,,f112_m10_rbfm.png
,,,,,,,,,,,,,,,,f113_bretagne_panther.png
,,,,,,,,,,,,,,,,f114_projet_4_1.png
,,,,,,,,,,,,,,,,f115_lorraine_50t.png
,,,,,,,,,,,,,,,,f116_bat_chatillon_bourrasque.png
,,,,,,,,,,,,,,,,f116_bat_chatillon_bourrasque_02.png
,,,,,,,,,,,,,,,,f117_alt_proto_amx_30.png
,,,,,,,,,,,,,,,,f118_char_mle_75.png
,,,,,,,,,,,,,,,,f119_projet_murat.png
,,,,,,,,,,,,,,,,f11_renault_g1r.png
,,,,,,,,,,,,,,,,f123_erac_105_proto.png
,,,,,,,,,,,,,,,,f124_amx_13fl11.png
,,,,,,,,,,,,,,,,f126_char_lourd_ap58.png
,,,,,,,,,,,,,,,,f128_schneider_90_105_dca_oie.png
,,,,,,,,,,,,,,,,f129_schneider_120_ac_gendarme.png
,,,,,,,,,,,,,,,,f12_hotchkiss_h35.png
,,,,,,,,,,,,,,,,f130_amx_tracteur_d.png
,,,,,,,,,,,,,,,,f131_coutelas.png
,,,,,,,,,,,,,,,,f133_projet_57.png
,,,,,,,,,,,,,,,,f133_projet_57_ampere.png
,,,,,,,,,,,,,,,,f134_arl_projet_f.png
,,,,,,,,,,,,,,,,f135_schneider_120_ac_gendarme_02.png
,,,,,,,,,,,,,,,,f137_tornade.png
,,,,,,,,,,,,,,,,f13_amx38.png
,,,,,,,,,,,,,,,,f14_amx40.png
,,,,,,,,,,,,,,,,f15_amx_12t.png
,,,,,,,,,,,,,,,,f16_amx_13_75.png
,,,,,,,,,,,,,,,,f16_amx_13_75_fl.png
,,,,,,,,,,,,,,,,f17_amx_13_90.png
,,,,,,,,,,,,,,,,f17_amx_13_90_fl.png
,,,,,,,,,,,,,,,,f18_bat_chatillon25t.png
,,,,,,,,,,,,,,,,f18_bat_chatillon25t_7x7.png
,,,,,,,,,,,,,,,,f18_bat_chatillon25t_isp.png
,,,,,,,,,,,,,,,,f19_lorraine40t.png
,,,,,,,,,,,,,,,,f19_lorraine40t_02.png
,,,,,,,,,,,,,,,,f20_renaultbs.png
,,,,,,,,,,,,,,,,f21_lorraine39_l_am.png
,,,,,,,,,,,,,,,,f22_amx_105am.png
,,,,,,,,,,,,,,,,f23_amx_13f3am.png
,,,,,,,,,,,,,,,,f24_lorraine155_50.png
,,,,,,,,,,,,,,,,f25_lorraine155_51.png
,,,,,,,,,,,,,,,,f27_fcm_36pak40.png
,,,,,,,,,,,,,,,,f28_105_lefh18b2.png
,,,,,,,,,,,,,,,,f30_renaultft_ac.png
,,,,,,,,,,,,,,,,f32_somua_sau_40.png
,,,,,,,,,,,,,,,,f33_s_35ca.png
,,,,,,,,,,,,,,,,f34_arl_v39.png
,,,,,,,,,,,,,,,,f35_amx_ac_mle1946.png
,,,,,,,,,,,,,,,,f36_amx_ac_mle1948.png
,,,,,,,,,,,,,,,,f36_amx_ac_mle1948_fl.png
,,,,,,,,,,,,,,,,f37_amx50_foch.png
,,,,,,,,,,,,,,,,f38_bat_chatillon155_58.png
,,,,,,,,,,,,,,,,f42_amr_35.png
,,,,,,,,,,,,,,,,f44_somua_s35.png
,,,,,,,,,,,,,,,,f49_renaultr35.png
,,,,,,,,,,,,,,,,f50_fcm36_20t.png
,,,,,,,,,,,,,,,,f52_renaultue57.png
,,,,,,,,,,,,,,,,f62_elc_amx.png
,,,,,,,,,,,,,,,,f64_amx_50fosh_155.png
,,,,,,,,,,,,,,,,f64_amx_50fosh_b.png
,,,,,,,,,,,,,,,,f64_amx_50fosh_b_7x7.png
,,,,,,,,,,,,,,,,f65_fcm_50t.png
,,,,,,,,,,,,,,,,f66_amx_ob_am105.png
,,,,,,,,,,,,,,,,f67_bat_chatillon155_55.png
,,,,,,,,,,,,,,,,f68_amx_chasseur_de_char_46.png
,,,,,,,,,,,,,,,,f68_amx_chasseur_de_char_46_02.png
,,,,,,,,,,,,,,,,f69_amx13_57_100.png
,,,,,,,,,,,,,,,,f69_amx13_57_100_grandfinal.png
,,,,,,,,,,,,,,,,f70_sarl42.png
,,,,,,,,,,,,,,,,f71_amx_30_prototype.png
,,,,,,,,,,,,,,,,f72_amx_30.png
,,,,,,,,,,,,,,,,f73_m4a1_revalorise.png
,,,,,,,,,,,,,,,,f73_m4a1_revalorise_fl.png
,,,,,,,,,,,,,,,,f74_amx_m4_1949.png
,,,,,,,,,,,,,,,,f74_amx_m4_1949_fl.png
,,,,,,,,,,,,,,,,f74_amx_m4_1949_liberte.png
,,,,,,,,,,,,,,,,f75_char_de_25t.png
,,,,,,,,,,,,,,,,f81_char_de_65t.png
,,,,,,,,,,,,,,,,f82_amx_m4_mle1949_ter.png
,,,,,,,,,,,,,,,,f83_amx_m4_mle1949_bis.png
,,,,,,,,,,,,,,,,f83_amx_m4_mle1949_bis_fl.png
,,,,,,,,,,,,,,,,f84_somua_sm.png
,,,,,,,,,,,,,,,,f85_m4a1_fl10.png
,,,,,,,,,,,,,,,,f87_batignolles_chatillon_12t.png
,,,,,,,,,,,,,,,,f87_batignolles_chatillon_12t_fl.png
,,,,,,,,,,,,,,,,f88_amx_13_105.png
,,,,,,,,,,,,,,,,f88_amx_13_105_7x7.png
,,,,,,,,,,,,,,,,f89_canon_dassaut_de_105.png
,,,,,,,,,,,,,,,,f97_elc_even_90.png
,,,,,,,,,,,,,,,,f97_elc_even_90_fl.png
,,,,,,,,,,,,,,,,g02_hummel.png
,,,,,,,,,,,,,,,,g03_pzv_panther.png
,,,,,,,,,,,,,,,,g04_pzvi_tiger_i.png
,,,,,,,,,,,,,,,,g04_pzvi_tiger_i_fl.png
,,,,,,,,,,,,,,,,g05_stug_40_ausfg.png
,,,,,,,,,,,,,,,,g06_pzii.png
,,,,,,,,,,,,,,,,g07_pz35t.png
,,,,,,,,,,,,,,,,g08_pz38t.png
,,,,,,,,,,,,,,,,g09_hetzer.png
,,,,,,,,,,,,,,,,g100_gtraktor_krupp.png
,,,,,,,,,,,,,,,,g101_stug_iii.png
,,,,,,,,,,,,,,,,g102_pz_iii.png
,,,,,,,,,,,,,,,,g103_ru_251.png
,,,,,,,,,,,,,,,,g104_stug_iv.png
,,,,,,,,,,,,,,,,g105_t_55_nva_ddr.png
,,,,,,,,,,,,,,,,g106_pzkpfwpanther_ausff.png
,,,,,,,,,,,,,,,,g107_pzkpfwiii_ausfk.png
,,,,,,,,,,,,,,,,g108_pzkpfwii_ausfd.png
,,,,,,,,,,,,,,,,g109_steyr_wt.png
,,,,,,,,,,,,,,,,g10_pziii_ausfj.png
,,,,,,,,,,,,,,,,g1105_t_55_nva_ddr_t.png
,,,,,,,,,,,,,,,,g110_typ_205.png
,,,,,,,,,,,,,,,,g112_kanonenjagdpanzer.png
,,,,,,,,,,,,,,,,g112_kanonenjagdpanzer_105.png
,,,,,,,,,,,,,,,,g113_sp_i_c.png
,,,,,,,,,,,,,,,,g114_rheinmetall_skorpian.png
,,,,,,,,,,,,,,,,g114_skorpian.png
,,,,,,,,,,,,,,,,g115_typ_205b.png
,,,,,,,,,,,,,,,,g115_typ_205_4_jun.png
,,,,,,,,,,,,,,,,g116_turan_iii_prot.png
,,,,,,,,,,,,,,,,g117_toldi_iii.png
,,,,,,,,,,,,,,,,g118_vk4503.png
,,,,,,,,,,,,,,,,g119_panzer58.png
,,,,,,,,,,,,,,,,g119_panzer58_bf.png
,,,,,,,,,,,,,,,,g119_panzer58_fl.png
,,,,,,,,,,,,,,,,g119_pz58_mutz.png
,,,,,,,,,,,,,,,,g11_bison_i.png
,,,,,,,,,,,,,,,,g120_m41_90.png
,,,,,,,,,,,,,,,,g120_m41_90_grandfinal.png
,,,,,,,,,,,,,,,,g121_grille_15_l63.png
,,,,,,,,,,,,,,,,g121_grille_15_l63_isp.png
,,,,,,,,,,,,,,,,g122_vk6501h.png
,,,,,,,,,,,,,,,,g125_spz_57_rh.png
,,,,,,,,,,,,,,,,g126_hwk_12.png
,,,,,,,,,,,,,,,,g126_hwk_12_fl.png
,,,,,,,,,,,,,,,,g12_ltraktor.png
,,,,,,,,,,,,,,,,g134_pzkpfw_vii.png
,,,,,,,,,,,,,,,,g134_pzkpfw_vii_7x7.png
,,,,,,,,,,,,,,,,g136_tiger_131.png
,,,,,,,,,,,,,,,,g137_pzvi_tiger_217.png
,,,,,,,,,,,,,,,,g138_vk168_02.png
,,,,,,,,,,,,,,,,g138_vk168_02_mauerbrecher.png
,,,,,,,,,,,,,,,,g139_mka.png
,,,,,,,,,,,,,,,,g13_vk3001h.png
,,,,,,,,,,,,,,,,g140_hwk_30.png
,,,,,,,,,,,,,,,,g141_vk7501k.png
,,,,,,,,,,,,,,,,g142_m48rpz.png
,,,,,,,,,,,,,,,,g143_e75_ts.png
,,,,,,,,,,,,,,,,g144_kpz_50t.png
,,,,,,,,,,,,,,,,g147_kunze_panzer.png
,,,,,,,,,,,,,,,,g151_pz_sfl_ic.png
,,,,,,,,,,,,,,,,g154_kpz_07_rh.png
,,,,,,,,,,,,,,,,g158_vk2801_105_spxxi.png
,,,,,,,,,,,,,,,,g159_kpz_3_project_07_hk.png
,,,,,,,,,,,,,,,,g15_vk3601h.png
,,,,,,,,,,,,,,,,g15_vk3601h_c.png
,,,,,,,,,,,,,,,,g160_pz_kpfw_35_r_mit_t_26_turm.png
,,,,,,,,,,,,,,,,g161_pz_kpfw_m15_38_t.png
,,,,,,,,,,,,,,,,g162_project_kpz_07p_e.png
,,,,,,,,,,,,,,,,g163_pz_kpfw_kw_ir_mit_75mm_kwk40.png
,,,,,,,,,,,,,,,,g164_kpz_pr_68_p.png
,,,,,,,,,,,,,,,,g165_erich_konzept_i.png
,,,,,,,,,,,,,,,,g166_lkpz_70_k.png
,,,,,,,,,,,,,,,,g167_tiger_maus_120t.png
,,,,,,,,,,,,,,,,g168_kjpz_t_iii.png
,,,,,,,,,,,,,,,,g16_pzvib_tiger_ii.png
,,,,,,,,,,,,,,,,g16_pzvib_tiger_ii_f.png
,,,,,,,,,,,,,,,,g16_pzvib_tiger_ii_fl.png
,,,,,,,,,,,,,,,,g171_e77.png
,,,,,,,,,,,,,,,,g171_e77_02.png
,,,,,,,,,,,,,,,,g178_sturmtiger_v1.png
,,,,,,,,,,,,,,,,g17_jagdpziv.png
,,,,,,,,,,,,,,,,g181_stug_maus_17cm.png
,,,,,,,,,,,,,,,,g182_mausekonig.png
,,,,,,,,,,,,,,,,g184_eisbaer.png
,,,,,,,,,,,,,,,,g189_e100_02.png
,,,,,,,,,,,,,,,,g18_jagdpanther.png
,,,,,,,,,,,,,,,,g193_aufgabe_57.png
,,,,,,,,,,,,,,,,g194_e_50_gt_alkett_prod.png
,,,,,,,,,,,,,,,,g196_e_75_ausf_b_doppel.png
,,,,,,,,,,,,,,,,g19_wespe.png
,,,,,,,,,,,,,,,,g20_marder_ii.png
,,,,,,,,,,,,,,,,g21_panzerjager_i.png
,,,,,,,,,,,,,,,,g22_sturmpanzer_ii.png
,,,,,,,,,,,,,,,,g23_grille.png
,,,,,,,,,,,,,,,,g24_vk3002db.png
,,,,,,,,,,,,,,,,g25_pzii_luchs.png
,,,,,,,,,,,,,,,,g26_vk1602.png
,,,,,,,,,,,,,,,,g27_vk3001p.png
,,,,,,,,,,,,,,,,g28_pziii_iv.png
,,,,,,,,,,,,,,,,g32_pzv_pziv.png
,,,,,,,,,,,,,,,,g32_pzv_pziv_ausf_alfa.png
,,,,,,,,,,,,,,,,g32_pzv_pziv_ausf_alfa_cn.png
,,,,,,,,,,,,,,,,g32_pzv_pziv_cn.png
,,,,,,,,,,,,,,,,g33_h39_captured.png
,,,,,,,,,,,,,,,,g34_s35_captured.png
,,,,,,,,,,,,,,,,g35_b_1bis_captured.png
,,,,,,,,,,,,,,,,g36_pzii_j.png
,,,,,,,,,,,,,,,,g37_ferdinand.png
,,,,,,,,,,,,,,,,g37_ferdinand_fl.png
,,,,,,,,,,,,,,,,g39_marder_iii.png
,,,,,,,,,,,,,,,,g40_nashorn.png
,,,,,,,,,,,,,,,,g41_dickermax.png
,,,,,,,,,,,,,,,,g42_maus.png
,,,,,,,,,,,,,,,,g42_maus_isp.png
,,,,,,,,,,,,,,,,g43_sturer_emil.png
,,,,,,,,,,,,,,,,g44_jagdtiger.png
,,,,,,,,,,,,,,,,g44_jagdtigerh.png
,,,,,,,,,,,,,,,,g44_jagdtiger_fl.png
,,,,,,,,,,,,,,,,g45_g_tiger.png
,,,,,,,,,,,,,,,,g46_t_25.png
,,,,,,,,,,,,,,,,g48_e_25.png
,,,,,,,,,,,,,,,,g49_g_panther.png
,,,,,,,,,,,,,,,,g50_t_15.png
,,,,,,,,,,,,,,,,g51_lowe.png
,,,,,,,,,,,,,,,,g51_lowe_fl.png
,,,,,,,,,,,,,,,,g52_pz38_na.png
,,,,,,,,,,,,,,,,g53_pzi.png
,,,,,,,,,,,,,,,,g54_e_50.png
,,,,,,,,,,,,,,,,g54_e_50_fl.png
,,,,,,,,,,,,,,,,g55_e_75.png
,,,,,,,,,,,,,,,,g55_e_75_fl.png
,,,,,,,,,,,,,,,,g56_e_100.png
,,,,,,,,,,,,,,,,g57_pzvi_tiger_p.png
,,,,,,,,,,,,,,,,g58_vk4502p.png
,,,,,,,,,,,,,,,,g58_vk4502p7.png
,,,,,,,,,,,,,,,,g61_g_e.png
,,,,,,,,,,,,,,,,g63_pzi_ausf_c.png
,,,,,,,,,,,,,,,,g64_panther_ii.png
,,,,,,,,,,,,,,,,g64_panther_ii_fl.png
,,,,,,,,,,,,,,,,g65_jagdtiger_sdkfz_185.png
,,,,,,,,,,,,,,,,g66_vk2801.png
,,,,,,,,,,,,,,,,g67_vk4502a.png
,,,,,,,,,,,,,,,,g70_pziv_hydro.png
,,,,,,,,,,,,,,,,g71_jagdpantherii.png
,,,,,,,,,,,,,,,,g72_jagdpz_e100.png
,,,,,,,,,,,,,,,,g73_e50_ausf_m.png
,,,,,,,,,,,,,,,,g73_e50_ausf_m_7x7.png
,,,,,,,,,,,,,,,,g73_e50_ausf_m_isp.png
,,,,,,,,,,,,,,,,g76_pz_sfl_ivc.png
,,,,,,,,,,,,,,,,g77_pziv_schmalturm.png
,,,,,,,,,,,,,,,,g78_panther_m10.png
,,,,,,,,,,,,,,,,g80_pz_iv_ausfd.png
,,,,,,,,,,,,,,,,g81_pz_iv_ausfh.png
,,,,,,,,,,,,,,,,g81_pz_iv_ausfh_gup.png
,,,,,,,,,,,,,,,,g82_pz_ii_ausfg.png
,,,,,,,,,,,,,,,,g83_pz_iv_ausfa.png
,,,,,,,,,,,,,,,,g85_aufklarungspanzer_v.png
,,,,,,,,,,,,,,,,g85_auf_panther.png
,,,,,,,,,,,,,,,,g86_vk2001db.png
,,,,,,,,,,,,,,,,g87_vk3002db_v1.png
,,,,,,,,,,,,,,,,g88_indien_panzer.png
,,,,,,,,,,,,,,,,g89_leopard1.png
,,,,,,,,,,,,,,,,g89_leopard1_bob.png
,,,,,,,,,,,,,,,,g89_leopard1_isp.png
,,,,,,,,,,,,,,,,g90_dw_ii.png
,,,,,,,,,,,,,,,,g91_pro_ag_a.png
,,,,,,,,,,,,,,,,g92_vk7201.png
,,,,,,,,,,,,,,,,g93_gw_mk_vie.png
,,,,,,,,,,,,,,,,g94_gw_tiger_p.png
,,,,,,,,,,,,,,,,g95_pz_sfl_ivb.png
,,,,,,,,,,,,,,,,g96_vk3002m.png
,,,,,,,,,,,,,,,,g97_waffentrager_iv.png
,,,,,,,,,,,,,,,,g98_waffentrager_e100.png
,,,,,,,,,,,,,,,,g98_waffentrager_e100_p.png
,,,,,,,,,,,,,,,,g98_waffentrager_e100_wo.png
,,,,,,,,,,,,,,,,g99_rhb_waffentrager.png
,,,,,,,,,,,,,,,,gb01_medium_mark_i.png
,,,,,,,,,,,,,,,,gb03_cruiser_mk_i.png
,,,,,,,,,,,,,,,,gb04_valentine.png
,,,,,,,,,,,,,,,,gb05_vickers_medium_mk_ii.png
,,,,,,,,,,,,,,,,gb06_vickers_medium_mk_iii.png
,,,,,,,,,,,,,,,,gb07_matilda.png
,,,,,,,,,,,,,,,,gb08_churchill_i.png
,,,,,,,,,,,,,,,,gb09_churchill_vii.png
,,,,,,,,,,,,,,,,gb100_manticore.png
,,,,,,,,,,,,,,,,gb101_fv1066_senlac.png
,,,,,,,,,,,,,,,,gb102_lhmtv.png
,,,,,,,,,,,,,,,,gb102_lhmtv_fl.png
,,,,,,,,,,,,,,,,gb103_gsor3301_avr_fs.png
,,,,,,,,,,,,,,,,gb104_gsr_3301_setter.png
,,,,,,,,,,,,,,,,gb105_black_prince_2019.png
,,,,,,,,,,,,,,,,gb106_cobra.png
,,,,,,,,,,,,,,,,gb107_cavalier.png
,,,,,,,,,,,,,,,,gb108_a46.png
,,,,,,,,,,,,,,,,gb109_gsor_1008.png
,,,,,,,,,,,,,,,,gb10_black_prince.png
,,,,,,,,,,,,,,,,gb110_fv4201_chieftain_prototype.png
,,,,,,,,,,,,,,,,gb110_fv4201_chieftain_prototype_b.png
,,,,,,,,,,,,,,,,gb111_charlemagne.png
,,,,,,,,,,,,,,,,gb112_caliban.png
,,,,,,,,,,,,,,,,gb112_caliban_02.png
,,,,,,,,,,,,,,,,gb113_matilda_lvt.png
,,,,,,,,,,,,,,,,gb114_vickers_mbt_mk3.png
,,,,,,,,,,,,,,,,gb115_gonsalo.png
,,,,,,,,,,,,,,,,gb116_harry_hopkins_i.png
,,,,,,,,,,,,,,,,gb118_taurus_ca.png
,,,,,,,,,,,,,,,,gb11_caernarvon.png
,,,,,,,,,,,,,,,,gb120_concept_no_5.png
,,,,,,,,,,,,,,,,gb120_concept_no_5_bob.png
,,,,,,,,,,,,,,,,gb120_concept_no_5_isp.png
,,,,,,,,,,,,,,,,gb121_gsor_1010_fb.png
,,,,,,,,,,,,,,,,gb122_staghound_mk_iii.png
,,,,,,,,,,,,,,,,gb123_gsor_1006_v7.png
,,,,,,,,,,,,,,,,gb124_aec_armoured_car.png
,,,,,,,,,,,,,,,,gb125_saladin.png
,,,,,,,,,,,,,,,,gb126_fsv_scheme_a.png
,,,,,,,,,,,,,,,,gb128_nemesis.png
,,,,,,,,,,,,,,,,gb129_fv205b_alligator.png
,,,,,,,,,,,,,,,,gb12_conqueror.png
,,,,,,,,,,,,,,,,gb12_conqueror_fl.png
,,,,,,,,,,,,,,,,gb130_fv225.png
,,,,,,,,,,,,,,,,gb133_cyclone_mk_2.png
,,,,,,,,,,,,,,,,gb134_fv242b_condor.png
,,,,,,,,,,,,,,,,gb134_fv242b_condor_t.png
,,,,,,,,,,,,,,,,gb135_fv240.png
,,,,,,,,,,,,,,,,gb135_fv240_t.png
,,,,,,,,,,,,,,,,gb136_fv245.png
,,,,,,,,,,,,,,,,gb137_cvt_spider.png
,,,,,,,,,,,,,,,,gb139_vulcan.png
,,,,,,,,,,,,,,,,gb13_fv215b.png
,,,,,,,,,,,,,,,,gb140_champion.png
,,,,,,,,,,,,,,,,gb141_celestial_2_51.png
,,,,,,,,,,,,,,,,gb143_captain.png
,,,,,,,,,,,,,,,,gb14_m2.png
,,,,,,,,,,,,,,,,gb15_stuart_i.png
,,,,,,,,,,,,,,,,gb17_grant_i.png
,,,,,,,,,,,,,,,,gb19_sherman_firefly.png
,,,,,,,,,,,,,,,,gb20_crusader.png
,,,,,,,,,,,,,,,,gb21_cromwell.png
,,,,,,,,,,,,,,,,gb22_comet.png
,,,,,,,,,,,,,,,,gb23_centurion.png
,,,,,,,,,,,,,,,,gb24_centurion_mk3.png
,,,,,,,,,,,,,,,,gb25_loyd_gun_carriage.png
,,,,,,,,,,,,,,,,gb26_birch_gun.png
,,,,,,,,,,,,,,,,gb27_sexton.png
,,,,,,,,,,,,,,,,gb28_bishop.png
,,,,,,,,,,,,,,,,gb29_crusader_5inch.png
,,,,,,,,,,,,,,,,gb30_fv3805.png
,,,,,,,,,,,,,,,,gb31_conqueror_gun.png
,,,,,,,,,,,,,,,,gb32_tortoise.png
,,,,,,,,,,,,,,,,gb33_sentinel_ac_i.png
,,,,,,,,,,,,,,,,gb35_sentinel_ac_iv.png
,,,,,,,,,,,,,,,,gb37_valliant.png
,,,,,,,,,,,,,,,,gb39_universal_carrierqf2.png
,,,,,,,,,,,,,,,,gb40_gun_carrier_churchill.png
,,,,,,,,,,,,,,,,gb41_challenger.png
,,,,,,,,,,,,,,,,gb42_valentine_at.png
,,,,,,,,,,,,,,,,gb44_archer.png
,,,,,,,,,,,,,,,,gb45_achilles_iic.png
,,,,,,,,,,,,,,,,gb48_fv215b_183.png
,,,,,,,,,,,,,,,,gb50_sherman_iii.png
,,,,,,,,,,,,,,,,gb51_excelsior.png
,,,,,,,,,,,,,,,,gb52_a45.png
,,,,,,,,,,,,,,,,gb57_alecto.png
,,,,,,,,,,,,,,,,gb58_cruiser_mk_iii.png
,,,,,,,,,,,,,,,,gb59_cruiser_mk_iv.png
,,,,,,,,,,,,,,,,gb60_covenanter.png
,,,,,,,,,,,,,,,,gb63_tog_ii.png
,,,,,,,,,,,,,,,,gb68_matilda_black_prince.png
,,,,,,,,,,,,,,,,gb69_cruiser_mk_ii.png
,,,,,,,,,,,,,,,,gb70_fv4202_105.png
,,,,,,,,,,,,,,,,gb70_n_fv4202_105.png
,,,,,,,,,,,,,,,,gb70_n_fv4202_105_fl.png
,,,,,,,,,,,,,,,,gb71_at_15a.png
,,,,,,,,,,,,,,,,gb72_at15.png
,,,,,,,,,,,,,,,,gb73_at2.png
,,,,,,,,,,,,,,,,gb74_at8.png
,,,,,,,,,,,,,,,,gb75_at7.png
,,,,,,,,,,,,,,,,gb76_mk_vic.png
,,,,,,,,,,,,,,,,gb77_fv304.png
,,,,,,,,,,,,,,,,gb78_sexton_i.png
,,,,,,,,,,,,,,,,gb79_fv206.png
,,,,,,,,,,,,,,,,gb80_charioteer.png
,,,,,,,,,,,,,,,,gb81_fv4004.png
,,,,,,,,,,,,,,,,gb83_fv4005.png
,,,,,,,,,,,,,,,,gb83_fv4005_isp.png
,,,,,,,,,,,,,,,,gb84_chieftain_mk6.png
,,,,,,,,,,,,,,,,gb85_cromwell_berlin.png
,,,,,,,,,,,,,,,,gb86_centurion_action_x.png
,,,,,,,,,,,,,,,,gb86_centurion_action_x_7x7.png
,,,,,,,,,,,,,,,,gb86_centurion_action_x_isp.png
,,,,,,,,,,,,,,,,gb87_chieftain_t95_turret.png
,,,,,,,,,,,,,,,,gb88_t95_chieftain_turret.png
,,,,,,,,,,,,,,,,gb91_super_conqueror.png
,,,,,,,,,,,,,,,,gb91_super_conqueror_isp.png
,,,,,,,,,,,,,,,,gb92_fv217.png
,,,,,,,,,,,,,,,,gb92_fv217_7x7.png
,,,,,,,,,,,,,,,,gb93_caernarvon_ax.png
,,,,,,,,,,,,,,,,gb94_centurion_mk5_1_raac.png
,,,,,,,,,,,,,,,,gb95_ekins_firefly_m4a4.png
,,,,,,,,,,,,,,,,gb96_excalibur.png
,,,,,,,,,,,,,,,,gb97_chimera.png
,,,,,,,,,,,,,,,,gb98_t95_fv4201_chieftain.png
,,,,,,,,,,,,,,,,gb99_turtle_mk1.png
,,,,,,,,,,,,,,,,it03_m15_42.png
,,,,,,,,,,,,,,,,it04_fiat_3000.png
,,,,,,,,,,,,,,,,it05_carro_l6_40.png
,,,,,,,,,,,,,,,,it06_m14_41.png
,,,,,,,,,,,,,,,,it07_p26_40.png
,,,,,,,,,,,,,,,,it08_progetto_m40_mod_65.png
,,,,,,,,,,,,,,,,it08_progetto_m40_mod_65_bob.png
,,,,,,,,,,,,,,,,it09_p43_ter.png
,,,,,,,,,,,,,,,,it10_p43_bis.png
,,,,,,,,,,,,,,,,it11_p43.png
,,,,,,,,,,,,,,,,it12_prototipo_standard_b.png
,,,,,,,,,,,,,,,,it13_progetto_m35_mod_46.png
,,,,,,,,,,,,,,,,it13_progetto_m35_mod_46_le.png
,,,,,,,,,,,,,,,,it14_p44_pantera.png
,,,,,,,,,,,,,,,,it15_rinoceronte.png
,,,,,,,,,,,,,,,,it16_carro_d_assalto_p88.png
,,,,,,,,,,,,,,,,it17_progetto_cc55_mod_54.png
,,,,,,,,,,,,,,,,it18_progetto_c45_mod_71.png
,,,,,,,,,,,,,,,,it19_progetto_c50_mod_66.png
,,,,,,,,,,,,,,,,it20_carro_combattimento_45t.png
,,,,,,,,,,,,,,,,it21_lion.png
,,,,,,,,,,,,,,,,it23_cc_3.png
,,,,,,,,,,,,,,,,it23_cc_3_bob.png
,,,,,,,,,,,,,,,,it23_cc_3_isp.png
,,,,,,,,,,,,,,,,it24_controcarro_1_mk2.png
,,,,,,,,,,,,,,,,it26_cc_56.png
,,,,,,,,,,,,,,,,it27_m43_da_105_25_bassoto.png
,,,,,,,,,,,,,,,,it28_semovente_m41_da_75_18.png
,,,,,,,,,,,,,,,,it29_carro_celere_sahariano.png
,,,,,,,,,,,,,,,,it30_cc_mod_64_prem.png
,,,,,,,,,,,,,,,,it31_cc_67_b.png
,,,,,,,,,,,,,,,,it32_prototipo_6.png
,,,,,,,,,,,,,,,,it33_orso.png
,,,,,,,,,,,,,,,,it36_gasta.png
,,,,,,,,,,,,,,,,j01_nc27.png
,,,,,,,,,,,,,,,,j02_te_ke.png
,,,,,,,,,,,,,,,,j03_ha_go.png
,,,,,,,,,,,,,,,,j04_ke_ni.png
,,,,,,,,,,,,,,,,j05_ke_ni_b.png
,,,,,,,,,,,,,,,,j06_ke_ho.png
,,,,,,,,,,,,,,,,j07_chi_ha.png
,,,,,,,,,,,,,,,,j08_chi_nu.png
,,,,,,,,,,,,,,,,j09_chi_he.png
,,,,,,,,,,,,,,,,j10_chi_to.png
,,,,,,,,,,,,,,,,j11_chi_ri.png
,,,,,,,,,,,,,,,,j12_chi_nu_kai.png
,,,,,,,,,,,,,,,,j13_sta_1.png
,,,,,,,,,,,,,,,,j14_type_61.png
,,,,,,,,,,,,,,,,j15_chi_ni.png
,,,,,,,,,,,,,,,,j16_st_b1.png
,,,,,,,,,,,,,,,,j18_sta_2_3.png
,,,,,,,,,,,,,,,,j19_tiger_i_jpn.png
,,,,,,,,,,,,,,,,j20_type_2605.png
,,,,,,,,,,,,,,,,j20_type_2605_7x7.png
,,,,,,,,,,,,,,,,j20_type_2605_isp.png
,,,,,,,,,,,,,,,,j21_type_91.png
,,,,,,,,,,,,,,,,j22_type_95.png
,,,,,,,,,,,,,,,,j23_mi_to.png
,,,,,,,,,,,,,,,,j24_mi_to_130_tons.png
,,,,,,,,,,,,,,,,j25_type_4.png
,,,,,,,,,,,,,,,,j26_type_89.png
,,,,,,,,,,,,,,,,j27_o_i_120.png
,,,,,,,,,,,,,,,,j27_o_i_120_bp.png
,,,,,,,,,,,,,,,,j28_o_i_100.png
,,,,,,,,,,,,,,,,j29_nameless.png
,,,,,,,,,,,,,,,,j30_edelweiss.png
,,,,,,,,,,,,,,,,j31_type_5_kari.png
,,,,,,,,,,,,,,,,j32_chi_to_spg.png
,,,,,,,,,,,,,,,,j33_ho_ri_2.png
,,,,,,,,,,,,,,,,j34_ho_ri_1.png
,,,,,,,,,,,,,,,,j35_ho_ri_3.png
,,,,,,,,,,,,,,,,j35_ho_ri_3_7x7.png
,,,,,,,,,,,,,,,,j36_type_63_ht.png
,,,,,,,,,,,,,,,,j37_type_3_ho_ni_iii.png
,,,,,,,,,,,,,,,,j38_type_95_ji_ro.png
,,,,,,,,,,,,,,,,j39_type_57.png
,,,,,,,,,,,,,,,,j39_type_57_fl.png
,,,,,,,,,,,,,,,,j39_type_57_test.png
,,,,,,,,,,,,,,,,j40_type_71.png
,,,,,,,,,,,,,,,,j40_type_71_test.png
,,,,,,,,,,,,,,,,j41_type_68.png
,,,,,,,,,,,,,,,,j43_type_4_ju-to.png
,,,,,,,,,,,,,,,,j44_type_3_ju_nu.png
,,,,,,,,,,,,,,,,j44_type_3_ju_nu_test.png
,,,,,,,,,,,,,,,,j45_mitsu_108.png
,,,,,,,,,,,,,,,,j49_type_60_proto_4.png
,,,,,,,,,,,,,,,,pl01_tks_20mm.png
,,,,,,,,,,,,,,,,pl03_pzv_poland.png
,,,,,,,,,,,,,,,,pl05_50tp_tyszkiewicza.png
,,,,,,,,,,,,,,,,pl06_10tp.png
,,,,,,,,,,,,,,,,pl07_14tp.png
,,,,,,,,,,,,,,,,pl08_50tp_prototyp.png
,,,,,,,,,,,,,,,,pl09_7tp.png
,,,,,,,,,,,,,,,,pl10_40tp_habicha.png
,,,,,,,,,,,,,,,,pl11_45tp_habicha.png
,,,,,,,,,,,,,,,,pl12_25tp_ksust_ii.png
,,,,,,,,,,,,,,,,pl13_53tp_markowskiego.png
,,,,,,,,,,,,,,,,pl14_4tp.png
,,,,,,,,,,,,,,,,pl15_60tp_lewandowskiego.png
,,,,,,,,,,,,,,,,pl15_60tp_lewandowskiego_isp.png
,,,,,,,,,,,,,,,,pl16_t34_85_rudy.png
,,,,,,,,,,,,,,,,pl17_ds_pzlnz.png
,,,,,,,,,,,,,,,,pl18_bugi.png
,,,,,,,,,,,,,,,,pl19_cs_52_lis.png
,,,,,,,,,,,,,,,,pl209_ulan.png
,,,,,,,,,,,,,,,,pl20_cs_44.png
,,,,,,,,,,,,,,,,pl21_cs_63.png
,,,,,,,,,,,,,,,,pl21_cs_63_7x7.png
,,,,,,,,,,,,,,,,pl21_cs_63_isp.png
,,,,,,,,,,,,,,,,pl22_cs_59.png
,,,,,,,,,,,,,,,,pl23_cs_53.png
,,,,,,,,,,,,,,,,pl24_56tp.png
,,,,,,,,,,,,,,,,pl25_cs_52_c.png
,,,,,,,,,,,,,,,,pl26_czolg_p_wz_46.png
,,,,,,,,,,,,,,,,pl26_czolg_p_wz_46_verbesserter.png
,,,,,,,,,,,,,,,,pl27_sdp_wz_66t.png
,,,,,,,,,,,,,,,,pl28_sdp_wz_60.png
,,,,,,,,,,,,,,,,pl29_nc_wz_70t.png
,,,,,,,,,,,,,,,,pl29_nc_wz_70t_t.png
,,,,,,,,,,,,,,,,pl30_sdp_wz58t.png
,,,,,,,,,,,,,,,,pl30_sdp_wz58t_fl.png
,,,,,,,,,,,,,,,,pl30_sdp_wz58t_t.png
,,,,,,,,,,,,,,,,pl31_sdp_wz_57d.png
,,,,,,,,,,,,,,,,pl32_sdp_wz_44.png
,,,,,,,,,,,,,,,,pl32_sdp_wz_44_t.png
,,,,,,,,,,,,,,,,pl33_sdp_wz_40.png
,,,,,,,,,,,,,,,,pl34_cs_63_02.png
,,,,,,,,,,,,,,,,pl35_cs_57_sokol.png
,,,,,,,,,,,,,,,,r01_is.png
,,,,,,,,,,,,,,,,r02_su_85.png
,,,,,,,,,,,,,,,,r03_bt_7.png
,,,,,,,,,,,,,,,,r04_t_34.png
,,,,,,,,,,,,,,,,r06_t_28.png
,,,,,,,,,,,,,,,,r07_t_34_85.png
,,,,,,,,,,,,,,,,r08_bt_2.png
,,,,,,,,,,,,,,,,r09_t_26.png
,,,,,,,,,,,,,,,,r1009_m47_romach_t.png
,,,,,,,,,,,,,,,,r100_su122a.png
,,,,,,,,,,,,,,,,r1010_merkava_lp_t.png
,,,,,,,,,,,,,,,,r1011_t54d_t.png
,,,,,,,,,,,,,,,,r1012_vickers_mbt_exp_t.png
,,,,,,,,,,,,,,,,r1013_is_3_t.png
,,,,,,,,,,,,,,,,r101_mt25.png
,,,,,,,,,,,,,,,,r104_object_430_ii.png
,,,,,,,,,,,,,,,,r105_bt_7a.png
,,,,,,,,,,,,,,,,r106_kv85.png
,,,,,,,,,,,,,,,,r107_ltb.png
,,,,,,,,,,,,,,,,r108_t34_85m.png
,,,,,,,,,,,,,,,,r109_t54s.png
,,,,,,,,,,,,,,,,r109_t54s_t.png
,,,,,,,,,,,,,,,,r10_at_1.png
,,,,,,,,,,,,,,,,r110_object_260.png
,,,,,,,,,,,,,,,,r111_isu130.png
,,,,,,,,,,,,,,,,r112_t54_45.png
,,,,,,,,,,,,,,,,r112_t54_45_02.png
,,,,,,,,,,,,,,,,r112_t54_45_fl.png
,,,,,,,,,,,,,,,,r113_object_730.png
,,,,,,,,,,,,,,,,r114_object_244.png
,,,,,,,,,,,,,,,,r115_is-3_auto_s.png
,,,,,,,,,,,,,,,,r115_is_3_auto.png
,,,,,,,,,,,,,,,,r115_is_3_auto_s.png
,,,,,,,,,,,,,,,,r116_isu122c_berlin.png
,,,,,,,,,,,,,,,,r117_t34_85_rudy.png
,,,,,,,,,,,,,,,,r118_t28_f30.png
,,,,,,,,,,,,,,,,r119_object_777.png
,,,,,,,,,,,,,,,,r119_object_777c.png
,,,,,,,,,,,,,,,,r11_ms_1.png
,,,,,,,,,,,,,,,,r120_t22sr_a22.png
,,,,,,,,,,,,,,,,r121_kv4_ktt.png
,,,,,,,,,,,,,,,,r122_t44_100.png
,,,,,,,,,,,,,,,,r122_t44_100b.png
,,,,,,,,,,,,,,,,r123_kirovets_1.png
,,,,,,,,,,,,,,,,r124_object_279.png
,,,,,,,,,,,,,,,,r124_object_279_t.png
,,,,,,,,,,,,,,,,r125_t_45.png
,,,,,,,,,,,,,,,,r126_object_730_5.png
,,,,,,,,,,,,,,,,r127_t44_100_i.png
,,,,,,,,,,,,,,,,r127_t44_100_k.png
,,,,,,,,,,,,,,,,r127_t44_100_m.png
,,,,,,,,,,,,,,,,r127_t44_100_p.png
,,,,,,,,,,,,,,,,r127_t44_100_u.png
,,,,,,,,,,,,,,,,r128_kv4_kreslavskiy.png
,,,,,,,,,,,,,,,,r129_object_257.png
,,,,,,,,,,,,,,,,r129_object_257_2014.png
,,,,,,,,,,,,,,,,r12_a_20.png
,,,,,,,,,,,,,,,,r130_kv4_mikhailov.png
,,,,,,,,,,,,,,,,r130_kv4_mikhailov_t.png
,,,,,,,,,,,,,,,,r131_tank_gavalov.png
,,,,,,,,,,,,,,,,r132_vnii_100lt.png
,,,,,,,,,,,,,,,,r132_vnii_100lt_7x7.png
,,,,,,,,,,,,,,,,r133_kv_122.png
,,,,,,,,,,,,,,,,r134_object_252k.png
,,,,,,,,,,,,,,,,r134_object_252u.png
,,,,,,,,,,,,,,,,r135_t_103.png
,,,,,,,,,,,,,,,,r139_is_m.png
,,,,,,,,,,,,,,,,r13_kv_1s.png
,,,,,,,,,,,,,,,,r140_m4_loza.png
,,,,,,,,,,,,,,,,r143_t_29.png
,,,,,,,,,,,,,,,,r144_k_91.png
,,,,,,,,,,,,,,,,r145_object_705_a.png
,,,,,,,,,,,,,,,,r146_stg.png
,,,,,,,,,,,,,,,,r146_stg_tday.png
,,,,,,,,,,,,,,,,r148_object_430_u.png
,,,,,,,,,,,,,,,,r148_object_430_u_bob.png
,,,,,,,,,,,,,,,,r148_object_430_u_isp.png
,,,,,,,,,,,,,,,,r149_object_268_4.png
,,,,,,,,,,,,,,,,r149_object_268_4_02.png
,,,,,,,,,,,,,,,,r149_object_268_4_bob.png
,,,,,,,,,,,,,,,,r149_object_268_4_ea.png
,,,,,,,,,,,,,,,,r149_object_268_4_isp.png
,,,,,,,,,,,,,,,,r14_su_5.png
,,,,,,,,,,,,,,,,r151_object_257_2.png
,,,,,,,,,,,,,,,,r152_kv2_w.png
,,,,,,,,,,,,,,,,r153_object_705.png
,,,,,,,,,,,,,,,,r154_t_34e_1943.png
,,,,,,,,,,,,,,,,r155_object_277.png
,,,,,,,,,,,,,,,,r155_object_277_isp.png
,,,,,,,,,,,,,,,,r156_is_2m.png
,,,,,,,,,,,,,,,,r157_object_279r.png
,,,,,,,,,,,,,,,,r157_object_279r_t.png
,,,,,,,,,,,,,,,,r158_lt_432.png
,,,,,,,,,,,,,,,,r159_su_130pm.png
,,,,,,,,,,,,,,,,r159_su_130pm_dr.png
,,,,,,,,,,,,,,,,r15_s_51.png
,,,,,,,,,,,,,,,,r160_t_50_2.png
,,,,,,,,,,,,,,,,r161_t_116.png
,,,,,,,,,,,,,,,,r163_su_122.png
,,,,,,,,,,,,,,,,r164_u_18_t.png
,,,,,,,,,,,,,,,,r165_object_703_ii.png
,,,,,,,,,,,,,,,,r165_object_703_ii_100.png
,,,,,,,,,,,,,,,,r165_object_703_ii_2.png
,,,,,,,,,,,,,,,,r166_su_d15.png
,,,,,,,,,,,,,,,,r167_object_715_g.png
,,,,,,,,,,,,,,,,r169_st_ii.png
,,,,,,,,,,,,,,,,r16_su_18.png
,,,,,,,,,,,,,,,,r170_is_2_ii.png
,,,,,,,,,,,,,,,,r171_is_3_ii.png
,,,,,,,,,,,,,,,,r171_is_3_ii_02.png
,,,,,,,,,,,,,,,,r172_object_752.png
,,,,,,,,,,,,,,,,r173_k_91_2.png
,,,,,,,,,,,,,,,,r173_k_91_2_122.png
,,,,,,,,,,,,,,,,r174_bt-5.png
,,,,,,,,,,,,,,,,r175_is_2_screen.png
,,,,,,,,,,,,,,,,r177_isu_152k_bl10.png
,,,,,,,,,,,,,,,,r177_isu_152k_bl10_02.png
,,,,,,,,,,,,,,,,r178_object_780.png
,,,,,,,,,,,,,,,,r17_su_100.png
,,,,,,,,,,,,,,,,r17_su_100_ea.png
,,,,,,,,,,,,,,,,r180_object_274_a.png
,,,,,,,,,,,,,,,,r180_object_274_a_mt_bf.png
,,,,,,,,,,,,,,,,r183_k_91_pt.png
,,,,,,,,,,,,,,,,r185_t_34_l_11_1941.png
,,,,,,,,,,,,,,,,r186_kv_1_screened.png
,,,,,,,,,,,,,,,,r187_object_590.png
,,,,,,,,,,,,,,,,r188_object_259a.png
,,,,,,,,,,,,,,,,r188_object_259a_cn.png
,,,,,,,,,,,,,,,,r18_su_152.png
,,,,,,,,,,,,,,,,r191_object_283.png
,,,,,,,,,,,,,,,,r192_k_2.png
,,,,,,,,,,,,,,,,r193_m4a2_t_34.png
,,,,,,,,,,,,,,,,r194_st_62_var_2.png
,,,,,,,,,,,,,,,,r195_t34m_54.png
,,,,,,,,,,,,,,,,r196_object_452k.png
,,,,,,,,,,,,,,,,r197_kv_1s_mz.png
,,,,,,,,,,,,,,,,r198_lts_85.png
,,,,,,,,,,,,,,,,r199_su_122v.png
,,,,,,,,,,,,,,,,r19_is_3.png
,,,,,,,,,,,,,,,,r19_is_3_fl.png
,,,,,,,,,,,,,,,,r200_kv_4_turchaninov.png
,,,,,,,,,,,,,,,,r201_it_3.png
,,,,,,,,,,,,,,,,r202_su_2_122.png
,,,,,,,,,,,,,,,,r203_object_168n.png
,,,,,,,,,,,,,,,,r204_isu_122_2.png
,,,,,,,,,,,,,,,,r205_tank_rozanova.png
,,,,,,,,,,,,,,,,r206_su_122_54_2022.png
,,,,,,,,,,,,,,,,r207_ht_130.png
,,,,,,,,,,,,,,,,r208_object_156o.png
,,,,,,,,,,,,,,,,r209_t_115.png
,,,,,,,,,,,,,,,,r20_t-44_fl.png
,,,,,,,,,,,,,,,,r20_t_44.png
,,,,,,,,,,,,,,,,r210_isu_2sh.png
,,,,,,,,,,,,,,,,r210_isu_2sh_ii.png
,,,,,,,,,,,,,,,,r211_object_261_4.png
,,,,,,,,,,,,,,,,r211_object_261_4_ii.png
,,,,,,,,,,,,,,,,r211_object_261_5.png
,,,,,,,,,,,,,,,,r212_object_265t.png
,,,,,,,,,,,,,,,,r213_tet_100.png
,,,,,,,,,,,,,,,,r213_tet_100_t.png
,,,,,,,,,,,,,,,,r215_kv_90.png
,,,,,,,,,,,,,,,,r218_panther_n_518.png
,,,,,,,,,,,,,,,,r219_waffentrager_e100_gold.png
,,,,,,,,,,,,,,,,r222_object_120_taran.png
,,,,,,,,,,,,,,,,r223_t_54b_1958.png
,,,,,,,,,,,,,,,,r224_is_3_1945.png
,,,,,,,,,,,,,,,,r225_vasiliev_project.png
,,,,,,,,,,,,,,,,r226_object_757a.png
,,,,,,,,,,,,,,,,r227_object_407_mz.png
,,,,,,,,,,,,,,,,r228_duplet.png
,,,,,,,,,,,,,,,,r229_object_718b.png
,,,,,,,,,,,,,,,,r22_t_46.png
,,,,,,,,,,,,,,,,r230_maus.png
,,,,,,,,,,,,,,,,r231_object_278.png
,,,,,,,,,,,,,,,,r235_kv_4_fedorenko.png
,,,,,,,,,,,,,,,,r236_kv_4_zeitz.png
,,,,,,,,,,,,,,,,r239_st_molot.png
,,,,,,,,,,,,,,,,r239_st_molot_02.png
,,,,,,,,,,,,,,,,r23_t_43.png
,,,,,,,,,,,,,,,,r23_t_43_fl.png
,,,,,,,,,,,,,,,,r241_t_34_100.png
,,,,,,,,,,,,,,,,r246_object_168_122.png
,,,,,,,,,,,,,,,,r248_t44_storm.png
,,,,,,,,,,,,,,,,r24_su_76.png
,,,,,,,,,,,,,,,,r251_t_55_sp_01.png
,,,,,,,,,,,,,,,,r25_gaz_74b.png
,,,,,,,,,,,,,,,,r26_su_8.png
,,,,,,,,,,,,,,,,r27_su_14.png
,,,,,,,,,,,,,,,,r31_valentine_ll.png
,,,,,,,,,,,,,,,,r32_matilda_ii_ll.png
,,,,,,,,,,,,,,,,r33_churchill_ll.png
,,,,,,,,,,,,,,,,r34_bt_sv.png
,,,,,,,,,,,,,,,,r38_kv_220.png
,,,,,,,,,,,,,,,,r38_kv_220_beta.png
,,,,,,,,,,,,,,,,r39_kv_3.png
,,,,,,,,,,,,,,,,r40_t_54.png
,,,,,,,,,,,,,,,,r40_t_54_fl.png
,,,,,,,,,,,,,,,,r41_t_50.png
,,,,,,,,,,,,,,,,r42_t_60.png
,,,,,,,,,,,,,,,,r43_t_70.png
,,,,,,,,,,,,,,,,r44_t80.png
,,,,,,,,,,,,,,,,r45_is_7.png
,,,,,,,,,,,,,,,,r45_is_7_02.png
,,,,,,,,,,,,,,,,r46_kv_13.png
,,,,,,,,,,,,,,,,r47_isu_152.png
,,,,,,,,,,,,,,,,r47_isu_152_fl.png
,,,,,,,,,,,,,,,,r47_isu_152_zveroboj.png
,,,,,,,,,,,,,,,,r49_su100y.png
,,,,,,,,,,,,,,,,r50_su76i.png
,,,,,,,,,,,,,,,,r51_object_212.png
,,,,,,,,,,,,,,,,r52_object_261.png
,,,,,,,,,,,,,,,,r53_object_704.png
,,,,,,,,,,,,,,,,r54_kv_5.png
,,,,,,,,,,,,,,,,r56_t_127.png
,,,,,,,,,,,,,,,,r57_a43.png
,,,,,,,,,,,,,,,,r58_su_101.png
,,,,,,,,,,,,,,,,r58_su_101_ea.png
,,,,,,,,,,,,,,,,r59_a44.png
,,,,,,,,,,,,,,,,r60_object416.png
,,,,,,,,,,,,,,,,r61_object252.png
,,,,,,,,,,,,,,,,r61_object252_02.png
,,,,,,,,,,,,,,,,r61_object252_bf.png
,,,,,,,,,,,,,,,,r61_object252_fl.png
,,,,,,,,,,,,,,,,r63_st_i.png
,,,,,,,,,,,,,,,,r66_su_26.png
,,,,,,,,,,,,,,,,r67_m3_ll.png
,,,,,,,,,,,,,,,,r68_a_32.png
,,,,,,,,,,,,,,,,r71_is_2b.png
,,,,,,,,,,,,,,,,r72_t150.png
,,,,,,,,,,,,,,,,r73_kv4.png
,,,,,,,,,,,,,,,,r74_su100m1.png
,,,,,,,,,,,,,,,,r74_su100m1_ea.png
,,,,,,,,,,,,,,,,r75_su122_54.png
,,,,,,,,,,,,,,,,r77_kv2.png
,,,,,,,,,,,,,,,,r78_su_85i.png
,,,,,,,,,,,,,,,,r80_kv1.png
,,,,,,,,,,,,,,,,r81_is8.png
,,,,,,,,,,,,,,,,r84_tetrarch_ll.png
,,,,,,,,,,,,,,,,r86_ltp.png
,,,,,,,,,,,,,,,,r87_t62a.png
,,,,,,,,,,,,,,,,r88_object268.png
,,,,,,,,,,,,,,,,r88_object268_isp.png
,,,,,,,,,,,,,,,,r89_su122_44.png
,,,,,,,,,,,,,,,,r90_is_4m.png
,,,,,,,,,,,,,,,,r90_is_4m_7x7.png
,,,,,,,,,,,,,,,,r90_is_4m_t.png
,,,,,,,,,,,,,,,,r91_su14_1.png
,,,,,,,,,,,,,,,,r93_object263.png
,,,,,,,,,,,,,,,,r93_object263_ea.png
,,,,,,,,,,,,,,,,r93_object263_fl.png
,,,,,,,,,,,,,,,,r95_object_907.png
,,,,,,,,,,,,,,,,r95_object_907a.png
,,,,,,,,,,,,,,,,r96_object_430.png
,,,,,,,,,,,,,,,,r97_object_140.png
,,,,,,,,,,,,,,,,r97_object_140_cl.png
,,,,,,,,,,,,,,,,r97_object_140_isp.png
,,,,,,,,,,,,,,,,r98_t44_85.png
,,,,,,,,,,,,,,,,r98_t44_85m.png
,,,,,,,,,,,,,,,,r99_t44_122.png
,,,,,,,,,,,,,,,,r99_t44_122_cn.png
,,,,,,,,,,,,,,,,s01_strv_74_a2.png
,,,,,,,,,,,,,,,,s02_strv_m42.png
,,,,,,,,,,,,,,,,s03_strv_m38.png
,,,,,,,,,,,,,,,,s04_lago_i.png
,,,,,,,,,,,,,,,,s05_strv_m21_29.png
,,,,,,,,,,,,,,,,s06_ikv_90_typ_b_bofors.png
,,,,,,,,,,,,,,,,s07_strv_74.png
,,,,,,,,,,,,,,,,s08_ikv_65_alt_2.png
,,,,,,,,,,,,,,,,s09_l_120_td.png
,,,,,,,,,,,,,,,,s1036_vk_155_projekt_t.png
,,,,,,,,,,,,,,,,s1039_15cm_akv60_utkast_1_t.png
,,,,,,,,,,,,,,,,s1040_sav_ls_46_t.png
,,,,,,,,,,,,,,,,s10_strv_103_0_series.png
,,,,,,,,,,,,,,,,s10_strv_103_0_series_fl.png
,,,,,,,,,,,,,,,,s11_strv_103b.png
,,,,,,,,,,,,,,,,s11_strv_103b_isp.png
,,,,,,,,,,,,,,,,s12_strv_m40.png
,,,,,,,,,,,,,,,,s13_leo.png
,,,,,,,,,,,,,,,,s14_ikv_103.png
,,,,,,,,,,,,,,,,s15_l_60.png
,,,,,,,,,,,,,,,,s16_kranvagn.png
,,,,,,,,,,,,,,,,s16_kranvagn_bob.png
,,,,,,,,,,,,,,,,s17_emil_1952_e2.png
,,,,,,,,,,,,,,,,s18_emil_1951_e1.png
,,,,,,,,,,,,,,,,s19_sav_m43.png
,,,,,,,,,,,,,,,,s20_ikv_72.png
,,,,,,,,,,,,,,,,s21_udes_03.png
,,,,,,,,,,,,,,,,s22_strv_s1.png
,,,,,,,,,,,,,,,,s22_strv_s1_fl.png
,,,,,,,,,,,,,,,,s23_strv_81.png
,,,,,,,,,,,,,,,,s23_strv_81_sabaton.png
,,,,,,,,,,,,,,,,s25_emil_51.png
,,,,,,,,,,,,,,,,s26_lansen_c.png
,,,,,,,,,,,,,,,,s27_udes_16.png
,,,,,,,,,,,,,,,,s28_udes_15_16.png
,,,,,,,,,,,,,,,,s28_udes_15_16_7x7.png
,,,,,,,,,,,,,,,,s29_udes_14_5.png
,,,,,,,,,,,,,,,,s30_udes_03_alt_3.png
,,,,,,,,,,,,,,,,s31_strv_k.png
,,,,,,,,,,,,,,,,s32_bofors_tornvagn.png
,,,,,,,,,,,,,,,,s32_bofors_tornvagn_mt_bf.png
,,,,,,,,,,,,,,,,s33_latt_stridsfordon_120.png
,,,,,,,,,,,,,,,,s34_lago_m38.png
,,,,,,,,,,,,,,,,s36_vk_155_projekt.png
,,,,,,,,,,,,,,,,s37_akv_151.png
,,,,,,,,,,,,,,,,s39_15cm_akv60_utkast_1.png
,,,,,,,,,,,,,,,,s40_sav_ls_46.png
,,,,,,,,,,,,,,,,s41_bofors_pagod_tk105.png
,,,,,,,,,,,,,,,,s42_kanonvagn_fm_49.png
,,,,,,,,,,,,,,,,tank_empty.png
,,,,,,,,,,,,,,,,un01_cromwell_vii.png
,,,,,,,,,,,,,,,,un02_merkava_lp.png
,,,,,,,,,,,,,,,,un03_degem_yud.png
,,,,,,,,,,,,,,,,un04_vickers_mbt_exp.png
,,,,,,,,,,,,,,,,un04_vickers_mbt_exp_fl.png
,,,,,,,,,,,,,,,,un05_shot_kal_alef.png
,,,,,,,,,,,,,,,,un06_m47_romach.png
,,,,,,,,,,,,,,,,un07_renault_r35.png
,,,,,,,,,,,,,,,,un08_hotchkiss_h_39_idf.png
,,,,,,,,,,,,,,,,un09_locust.png
,,,,,,,,,,,,,,,,un1015_sbm_44_t.png
,,,,,,,,,,,,,,,,un1017_rdt_62_t.png
,,,,,,,,,,,,,,,,un10_sherman_krupp_idf.png
,,,,,,,,,,,,,,,,un11_sherman_m3_idf.png
,,,,,,,,,,,,,,,,un12_merkava_m48.png
,,,,,,,,,,,,,,,,un13_t-54.png
,,,,,,,,,,,,,,,,un14_t54d.png
,,,,,,,,,,,,,,,,un15_sbm_44.png
,,,,,,,,,,,,,,,,un17_rdt_62.png
,,,,,,,,,,,,,,,,un24_vz_68_2_britva.png